room_id,topic,club_id,creator_user_id,time_live_started,time_live_ended,keywords,stemm_category,,,,,,,,,,,,,,,,,,
MEeBbXvk,Quantum Computing Designs Energy Efficient Window Coating,429247330,1473228756,2023-01-27T16:59:58.308527-08:00,2023-01-27T18:59:03.374527-08:00,,,,,,,,,,,,,,,,,,,,
mJwGWnYd,Solar Sail Propulsion 2050: Enabling Heliophysics Missions,429247330,1473228756,2023-01-25T18:01:35.985165-08:00,2023-01-25T19:57:28.134165-08:00,,,,,,,,,,,,,,,,,,,,
MO6nKNLx,Transcranial current stimulation (tACS) reduces depression,429247330,1473228756,2023-01-24T16:59:40.069887-08:00,2023-01-24T18:45:14.234887-08:00,,,,,,,,,,,,,,,,,,,,
M8NN778b,Training of deep neural networks using memristor crossbars,429247330,1473228756,2023-01-23T17:02:41.458997-08:00,2023-01-23T18:59:56.594997-08:00,,,,,,,,,,,,,,,,,,,,
MKBJlqre,Infinite Unions & Finite Intersections w/ J. Sharma,429247330,1748736477,2023-01-21T16:01:05.530591-08:00,2023-01-21T18:27:37.914591-08:00,,,,,,,,,,,,,,,,,,,,
PbJDE0GZ,"AI, Physics, Neuroscience. Bio, & Tech News",429247330,1473228756,2023-01-20T19:01:21.974284-08:00,2023-01-20T20:54:38.134284-08:00,,,,,,,,,,,,,,,,,,,,
mJD75Bnb,The development of cognitive reflection,429247330,1473228756,2023-01-18T16:59:41.722326-08:00,2023-01-18T18:47:18.767326-08:00,,,,,,,,,,,,,,,,,,,,
mab2gj7L,The development of cognitive reflection,429247330,1262199682,2023-01-18T16:50:30.645262-08:00,2023-01-18T16:54:20.319262-08:00,,,,,,,,,,,,,,,,,,,,
xVOXwv6G,Relativity of superluminal observers in 1 + 3 spacetine,429247330,1473228756,2023-01-17T08:29:30.948296-08:00,2023-01-17T10:37:17.401296-08:00,,,,,,,,,,,,,,,,,,,,
MR3VLdnA,New spin control brings billion-qubit quantum chips closer,429247330,1473228756,2023-01-16T19:00:14.700526-08:00,2023-01-16T20:39:55.500526-08:00,,,,,,,,,,,,,,,,,,,,
xqjZD3Q9,"AI, Physics, Neuroscience. Bio & Tech News 🧠🔥⌛️💡🫀",429247330,1473228756,2023-01-14T19:00:05.904369-08:00,2023-01-14T21:11:07.301369-08:00,,,,,,,,,,,,,,,,,,,,
xoEV9WLY,Harvesting light to grow food & clean energy together,429247330,1473228756,2023-01-13T17:00:07.543430-08:00,2023-01-13T18:35:22.913430-08:00,,,,,,,,,,,,,,,,,,,,
Pb5Zq3J5,The Future of Semiconductors,429247330,1473228756,2023-01-12T17:59:50.239321-08:00,2023-01-12T20:05:31.956321-08:00,,,,,,,,,,,,,,,,,,,,
maQp5y3z,There’s Plenty of Room Right Here:Overloaded Living Machines,429247330,1473228756,2023-01-11T08:07:09.740216-08:00,2023-01-11T09:31:45.644216-08:00,,,,,,,,,,,,,,,,,,,,
xV0wqa4W,Deep Learning algorithm can hear alcohol in voice,429247330,1473228756,2023-01-10T19:00:05.628499-08:00,2023-01-10T20:52:26.577499-08:00,,,,,,,,,,,,,,,,,,,,
mawEr84z,Quantum thermometer to measure space & time temperatures,429247330,1473228756,2023-01-09T16:01:29.455401-08:00,2023-01-09T17:37:12.132401-08:00,,,,,,,,,,,,,,,,,,,,
PNDJLRqM,Quantum thermometer to measure space & time temperatures,429247330,1292206580,2023-01-09T15:51:55.459257-08:00,2023-01-09T15:53:41.549257-08:00,,,,,,,,,,,,,,,,,,,,
P093yK6n,"ChatGPT, LLMs, & Other AI News",429247330,1473228756,2023-01-07T19:00:51.658128-08:00,2023-01-08T05:04:03.018128-08:00,,,,,,,,,,,,,,,,,,,,
xegY8Eop,ChatGPT Could Help Spot Early Signs of Alzheimer’s Disease,429247330,1473228756,2023-01-05T08:29:53.325821-08:00,2023-01-05T10:37:11.341821-08:00,,,,,,,,,,,,,,,,,,,,
PA6K28oA,QP 2022 Year in Review & Moving Forward,429247330,1479168654,2023-01-04T19:01:07.886115-08:00,2023-01-04T20:36:21.315115-08:00,,,,,,,,,,,,,,,,,,,,
xeb4lZ5d,A Quantum Photonics New Year!,429247330,1473228756,2022-12-29T19:00:16.047455-08:00,2022-12-29T20:54:38.745455-08:00,,,,,,,,,,,,,,,,,,,,
PrWvoLjR,"Emotion regulation, openness, & creativity",429247330,1473228756,2022-12-21T17:00:01.827507-08:00,2022-12-21T19:14:04.259507-08:00,,,,,,,,,,,,,,,,,,,,
myXdW64W,Directly printing electronic circuits to curved surfaces,429247330,1473228756,2022-12-19T17:04:05.911723-08:00,2022-12-19T18:59:31.073723-08:00,,,,,,,,,,,,,,,,,,,,
PN25ROVJ,Cognition is far more than neuron processing in the brain,429247330,1473228756,2022-12-19T08:59:51.981660-08:00,2022-12-19T11:13:32.077660-08:00,,,,,,,,,,,,,,,,,,,,
xX6l5b4K,Overcoming the stigma of losing a pet,429247330,1473228756,2022-12-18T16:59:49.583234-08:00,2022-12-18T18:40:15.503234-08:00,,,,,,,,,,,,,,,,,,,,
MKDr8N70,Drug Discovery & Quantum Chemistry on Quantum Computers,429247330,1473228756,2022-12-17T17:59:53.744446-08:00,2022-12-17T19:52:11.216446-08:00,,,,,,,,,,,,,,,,,,,,
PNOlAnRj,Catonic: nanomaterials treat obesity anywhere you want,429247330,1473228756,2022-12-16T18:01:22.735921-08:00,2022-12-16T19:57:00.207921-08:00,,,,,,,,,,,,,,,,,,,,
MEe6EOkk,Catonic: nanomaterials treat obesity anywhere you want,429247330,251191199,2022-12-16T17:57:28.802780-08:00,2022-12-16T17:59:42.348780-08:00,,,,,,,,,,,,,,,,,,,,
mZ7R4gBA,AI generated X-rays fooled medical experts,429247330,1473228756,2022-12-16T08:29:38.991420-08:00,2022-12-16T09:51:52.729420-08:00,,,,,,,,,,,,,,,,,,,,
MEp3LZKk,How Memory of Personal Interactions Declines w/ Age,429247330,1473228756,2022-12-15T16:59:27.765860-08:00,2022-12-15T19:00:35.327860-08:00,,,,,,,,,,,,,,,,,,,,
mWZkNGpM,Parasocial relationships: the impact of online content,429247330,1473228756,2022-12-15T08:30:12.966064-08:00,2022-12-15T10:42:05.136064-08:00,,,,,,,,,,,,,,,,,,,,
MKKz31KQ,Nanotech to mitigate bio threats & decarbonize transpo,429247330,639586665,2022-12-13T17:01:56.624106-08:00,2022-12-13T18:39:08.858106-08:00,,,,,,,,,,,,,,,,,,,,
P0AY3RZ9,How Brain Circuits Switch Between Different Behaviors,429247330,1473228756,2022-12-13T07:31:47.747260-08:00,2022-12-13T09:07:01.859260-08:00,,,,,,,,,,,,,,,,,,,,
M8YB73rw,How Brain Circuits Switch Between Different Behaviors,429247330,412406974,2022-12-13T07:29:42.401610-08:00,2022-12-13T07:31:28.534610-08:00,,,,,,,,,,,,,,,,,,,,
xLllDnVk,Targeted Electrical Brain Stimulation Improves Memory,429247330,1473228756,2022-12-12T15:59:48.079804-08:00,2022-12-12T18:00:56.089804-08:00,,,,,,,,,,,,,,,,,,,,
M8K8WAy7,The Entangled Brain w/ Dr. Luiz Pessoa,429247330,1473228756,2022-12-10T16:59:35.500694-08:00,2022-12-10T19:49:28.524694-08:00,,,,,,,,,,,,,,,,,,,,
M6zyeOZA,Global mitigation 4 the life cycle of natural gas-fired pwr,429247330,1473228756,2022-12-08T16:59:55.176389-08:00,2022-12-08T18:40:45.394389-08:00,,,,,,,,,,,,,,,,,,,,
xBJAQjv6,Deep Learning for Quantum Chemistry,429247330,1473228756,2022-12-08T08:30:13.616085-08:00,2022-12-08T10:23:11.002085-08:00,,,,,,,,,,,,,,,,,,,,
xl46qJVj,Human organoids & its applications w/ Dr. Muotri🧠,429247330,1473228756,2022-12-07T16:59:25.666723-08:00,2022-12-07T18:19:15.746723-08:00,,,,,,,,,,,,,,,,,,,,
MRnn0bD3,Electron pairing of quantum dots for qubit research,429247330,1473228756,2022-12-07T08:04:09.845418-08:00,2022-12-07T09:53:29.567418-08:00,,,,,,,,,,,,,,,,,,,,
xV6YZGY0,Newton’s Laws of Gravity Wrong? Findings Puzzle Researchers,429247330,1473228756,2022-12-07T04:59:54.772731-08:00,2022-12-07T07:38:02.580731-08:00,,,,,,,,,,,,,,,,,,,,
PbzboOkw,Newton’s Laws of Gravity Wrong? Findings Puzzle Researchers,429247330,870290567,2022-12-07T04:51:56.307475-08:00,2022-12-07T04:54:37.352475-08:00,,,,,,,,,,,,,,,,,,,,
myl49XbG,"Political events impact sleep, alcohol use, & mood",429247330,1473228756,2022-12-05T17:59:28.137837-08:00,2022-12-05T20:10:52.382837-08:00,,,,,,,,,,,,,,,,,,,,
PbyKYNBR,Happy15k QP & AI Neuro Bio Cogno Physics & Tech News 🧠🧬💡⌛️🌠,429247330,1473228756,2022-12-03T19:00:09.848658-08:00,2022-12-03T20:49:54.850658-08:00,,,,,,,,,,,,,,,,,,,,
MO6DOZny,Our brains “time stamp” the order of incoming sounds,429247330,1473228756,2022-12-02T17:00:14.349130-08:00,2022-12-02T18:59:10.242130-08:00,,,,,,,,,,,,,,,,,,,,
mZJeKlQr,Fabrication of plasmonic structures by plasmonic beams,429247330,1473228756,2022-12-01T17:03:47.668301-08:00,2022-12-01T18:57:52.937301-08:00,,,,,,,,,,,,,,,,,,,,
mylZAkGl,Our Brains Use Quantum Computation,429247330,1473228756,2022-11-30T08:29:51.158276-08:00,2022-11-30T10:38:21.046276-08:00,,,,,,,,,,,,,,,,,,,,
PD5vZB86,New model for matter in neutron star collisions,429247330,1473228756,2022-11-29T07:30:18.397914-08:00,2022-11-29T08:48:01.415914-08:00,,,,,,,,,,,,,,,,,,,,
mZWdrDLA,What artificial neural networks can learn from animal brains,429247330,1473228756,2022-11-28T17:59:22.027866-08:00,2022-11-28T19:46:23.957866-08:00,,,,,,,,,,,,,,,,,,,,
xeedQr0G,Quantum watch & its intrinsic proof of accuracy,429247330,1473228756,2022-11-28T09:00:21.837962-08:00,2022-11-28T10:34:55.437962-08:00,,,,,,,,,,,,,,,,,,,,
MEzkwXbA,Spotlight on cell tissues so RNA can read their story,429247330,1473228756,2022-11-26T13:59:49.785682-08:00,2022-11-26T15:40:00.835682-08:00,,,,,,,,,,,,,,,,,,,,
mJvLOz8r,Feeling lonely? Relationship expectations change as we age,429247330,1473228756,2022-11-24T18:59:39.352337-08:00,2022-11-24T20:59:29.880337-08:00,,,,,,,,,,,,,,,,,,,,
PN0jGVrw,The role of cortical glial cells in cognition,429247330,1473228756,2022-11-23T19:04:33.897902-08:00,2022-11-23T21:44:26.323902-08:00,,,,,,,,,,,,,,,,,,,,
M4zg4Qva,Physics & The Evolution of Leaf Shape w/ Dr. Prakash Venglat,429247330,1473228756,2022-11-23T06:01:55.840764-08:00,2022-11-23T07:55:37.493764-08:00,,,,,,,,,,,,,,,,,,,,
xBlp94V4,"AI, Neuroscience, Physics, Bio, Semicon, & Tech News ⚡️🧬⌛️💡",429247330,1473228756,2022-11-22T19:00:08.109242-08:00,2022-11-22T20:36:04.653242-08:00,,,,,,,,,,,,,,,,,,,,
Pb5KXb2G,Can be made like plastic but conducts like a metal,429247330,1473228756,2022-11-21T16:59:28.133293-08:00,2022-11-21T18:45:56.421293-08:00,,,,,,,,,,,,,,,,,,,,
MOAwjNa4,Can be made like plastic but conducts like a metal,429247330,772219086,2022-11-21T16:42:17.896031-08:00,2022-11-21T16:47:07.901031-08:00,,,,,,,,,,,,,,,,,,,,
PvY5o9Y2,Machine Learning & Turbulence Tracking in Fusion Reactors,429247330,1473228756,2022-11-19T16:59:56.243908-08:00,2022-11-19T18:34:15.123908-08:00,,,,,,,,,,,,,,,,,,,,
P0BqyDn9,Resilience & Watercooler Conversations in QP 🧡,429247330,1473228756,2022-11-18T19:00:10.219794-08:00,2022-11-18T21:21:37.088794-08:00,,,,,,,,,,,,,,,,,,,,
mavNeqDV,"AI, Tech, Bio, Physics, Neuroscience: What’s Up? 🧬🧠⌛️⚡️",429247330,1473228756,2022-11-16T19:00:19.655338-08:00,2022-11-16T20:34:06.897338-08:00,,,,,,,,,,,,,,,,,,,,
PYnboLDz,Environmental drivers of the first known mass extinction,429247330,1473228756,2022-11-15T16:59:48.573792-08:00,2022-11-15T19:04:41.287792-08:00,,,,,,,,,,,,,,,,,,,,
P9D8R4bk,An open source library for fast knowledge distillation,429247330,1748736477,2022-11-12T18:15:50.784371-08:00,2022-11-12T20:09:04.106371-08:00,,,,,,,,,,,,,,,,,,,,
mybknD4P,The Geopolitics of Semiconductors2 w Jaiyam Sharma,429247330,1748736477,2022-11-11T18:00:10.232590-08:00,2022-11-11T21:18:05.474590-08:00,,,,,,,,,,,,,,,,,,,,
xlapqp8w,Early Deprivation Affects Brain Dev. Into Adolescence,429247330,1473228756,2022-11-10T18:01:04.636097-08:00,2022-11-10T19:49:31.388097-08:00,,,,,,,,,,,,,,,,,,,,
MEw7jEj2,Termites may have a larger role in future ecosystems,429247330,1473228756,2022-11-08T14:00:09.374426-08:00,2022-11-08T15:33:06.035426-08:00,,,,,,,,,,,,,,,,,,,,
PG2E6Ko2,Social media & partisan sorting underlying polarization,429247330,1473228756,2022-11-08T07:30:28.061074-08:00,2022-11-08T09:30:36.402074-08:00,,,,,,,,,,,,,,,,,,,,
xovVknj8,Oxytocin promotes heart regeneration after cardiac injury,429247330,1473228756,2022-11-05T19:00:15.014607-07:00,2022-11-05T21:01:53.830607-07:00,,,,,,,,,,,,,,,,,,,,
xlyee76z,ML & New Gravitational Lenses Spanning Vast Cosmic Spaces,429247330,1473228756,2022-11-04T17:14:07.470803-07:00,2022-11-04T18:27:56.611803-07:00,,,,,,,,,,,,,,,,,,,,
Pbz38kVP,AI can accurately predict human response to novel drugs,429247330,1473228756,2022-11-03T17:00:09.659484-07:00,2022-11-03T18:44:52.731484-07:00,,,,,,,,,,,,,,,,,,,,
xBRjWOnR,AI can accurately predict human response to novel drugs,429247330,356915619,2022-11-03T16:47:57.328738-07:00,2022-11-03T16:57:27.504738-07:00,,,,,,,,,,,,,,,,,,,,
mWJeeV16,Symmetries in neural networks,429247330,1748736477,2022-11-02T19:08:45.311970-07:00,2022-11-02T23:01:57.887970-07:00,,,,,,,,,,,,,,,,,,,,
xqw9868Z,Deep Learning with Light,429247330,1473228756,2022-11-01T16:59:27.551226-07:00,2022-11-01T18:56:19.497226-07:00,,,,,,,,,,,,,,,,,,,,
MOArRwb7,Viruses may have eyes & ears on us,429247330,1473228756,2022-10-29T16:59:37.278921-07:00,2022-10-29T19:16:54.312921-07:00,,,,,,,,,,,,,,,,,,,,
mW6Kn7zY,Ethics in Human-AI teaming: principles & perspectives,429247330,1473228756,2022-10-28T17:59:20.601623-07:00,2022-10-28T19:53:03.918623-07:00,,,,,,,,,,,,,,,,,,,,
xq4yvrw4,Algorithm for early diagnosis of pulmonary fibrosis,429247330,1473228756,2022-10-27T16:59:39.785169-07:00,2022-10-27T18:52:15.347169-07:00,,,,,,,,,,,,,,,,,,,,
xB42jQ47,Replay: default mode network & cascaded memory systems 🧠,429247330,1473228756,2022-10-27T08:44:41.091544-07:00,2022-10-27T10:46:29.592544-07:00,,,,,,,,,,,,,,,,,,,,
mWrnLeWE,Scientists taught lab grown human brain cells to play “Pong”,429247330,1473228756,2022-10-26T18:59:11.883578-07:00,2022-10-26T20:26:03.765578-07:00,,,,,,,,,,,,,,,,,,,,
xqjB6wao,Study find unexpected protective properties of pain,429247330,1473228756,2022-10-25T17:59:42.504819-07:00,2022-10-25T19:48:40.680819-07:00,,,,,,,,,,,,,,,,,,,,
P9vyEAbe,Consciousness as a Memory System,429247330,1473228756,2022-10-24T17:03:02.302693-07:00,2022-10-24T19:05:39.934693-07:00,,,,,,,,,,,,,,,,,,,,
xn546W5R,mmSpy: Spying phone calls using mmWave radars,429247330,1473228756,2022-10-22T18:59:22.800724-07:00,2022-10-22T21:20:13.680724-07:00,,,,,,,,,,,,,,,,,,,,
PNzNV3rK,Change: How to Make Big Things Happen w/ Dr. Centola,429247330,1473228756,2022-10-21T19:02:23.937811-07:00,2022-10-21T20:22:27.009811-07:00,,,,,,,,,,,,,,,,,,,,
Pv3ZJBLe,Musical rhythm training improves short term memory 4 faces,429247330,1473228756,2022-10-21T16:59:48.949506-07:00,2022-10-21T18:53:53.407506-07:00,,,,,,,,,,,,,,,,,,,,
MOv5KK56,Body Am I: The New Science of Self-Consciousness,429247330,1473228756,2022-10-19T17:59:31.496017-07:00,2022-10-19T20:18:25.917017-07:00,,,,,,,,,,,,,,,,,,,,
m3GObRvV,Small & energy efficient computer chip faster than silicon,429247330,1473228756,2022-10-17T17:59:24.831309-07:00,2022-10-17T20:16:03.807309-07:00,,,,,,,,,,,,,,,,,,,,
xe64eG8Q,Contextuality as a Precondition for Entanglement,429247330,1473228756,2022-10-17T08:29:36.630033-07:00,2022-10-17T10:06:44.256033-07:00,,,,,,,,,,,,,,,,,,,,
PAADENb8,The Nobel Prize in Physics 2022,429247330,1473228756,2022-10-15T19:16:10.946659-07:00,2022-10-15T20:37:34.103659-07:00,,,,,,,,,,,,,,,,,,,,
xVl96p6l,Entangled Sensor-Networks for Dark Matter Searches,429247330,1473228756,2022-10-14T18:59:24.481524-07:00,2022-10-14T20:39:34.059524-07:00,,,,,,,,,,,,,,,,,,,,
P0alwrwx,"What”s Up in Physics, AI, Neuro, Bio & Emerging Tech 2🧠🧬💡",429247330,1473228756,2022-10-12T18:45:27.329922-07:00,2022-10-12T20:29:13.163922-07:00,,,,,,,,,,,,,,,,,,,,
myXbDlqn,What is the effect of hierarchy on moral behavior?,429247330,1473228756,2022-10-12T08:33:04.162178-07:00,2022-10-12T10:35:50.562178-07:00,,,,,,,,,,,,,,,,,,,,
myJbdXnP,"What’s Up in Physics, AI , Neuro, Bio, & Emerging Tech🧠🧬💡⌛️🐛",429247330,1473228756,2022-10-08T19:15:22.783956-07:00,2022-10-08T21:01:31.252956-07:00,,,,,,,,,,,,,,,,,,,,
PvKeBJg7,Hypothesis Learning in Automated Expts w/ Dr. Ziatdinov,429247330,1473228756,2022-10-07T17:01:31.514139-07:00,2022-10-07T19:05:46.916139-07:00,,,,,,,,,,,,,,,,,,,,
P9YJJ2BA,Breaking an optical rule: manipulating light @ nanoscale 💡,429247330,1473228756,2022-10-06T16:59:19.987573-07:00,2022-10-06T18:52:39.987573-07:00,,,,,,,,,,,,,,,,,,,,
mWrve1pE,How Fatherhood Changes the Brain,429247330,1473228756,2022-10-06T08:35:33.321836-07:00,2022-10-06T10:09:47.955836-07:00,,,,,,,,,,,,,,,,,,,,
xegyborb,Neurons that specialize in remembering speed & location,429247330,1473228756,2022-10-05T19:01:28.271735-07:00,2022-10-05T20:57:24.196735-07:00,,,,,,,,,,,,,,,,,,,,
xn5B5Bd3,Neurons that light up when we see images of food,429247330,1473228756,2022-10-04T16:59:20.122019-07:00,2022-10-04T18:48:51.471019-07:00,,,,,,,,,,,,,,,,,,,,
myjrbYal,Making oxygen for astronauts in space using magnetism,429247330,1473228756,2022-10-03T16:59:24.621080-07:00,2022-10-03T18:58:41.229080-07:00,,,,,,,,,,,,,,,,,,,,
MwW44z7b,Geometric Deep Learning 4 Drug Binding Structure Prediction,429247330,1473228756,2022-10-01T16:02:23.769127-07:00,2022-10-01T16:53:23.481127-07:00,,,,,,,,,,,,,,,,,,,,
PYQkn8qd,Provably efficient ML for quantum many-body problems,429247330,1473228756,2022-09-30T18:59:08.704368-07:00,2022-09-30T21:19:51.733368-07:00,,,,,,,,,,,,,,,,,,,,
PrjkenLR,The physics of high temperature superconductors,429247330,1473228756,2022-09-29T19:02:41.055305-07:00,2022-09-29T20:52:03.764305-07:00,,,,,,,,,,,,,,,,,,,,
my69ZaKn,sEmbryos: Synthetic embryos ex utero from naive ESCs,429247330,1473228756,2022-09-29T08:29:29.565420-07:00,2022-09-29T09:54:31.431420-07:00,,,,,,,,,,,,,,,,,,,,
PDYAo5oW,Self organized lasers w/c can reconfigure & cooperate,429247330,1473228756,2022-09-27T08:00:11.939849-07:00,2022-09-27T09:19:09.795849-07:00,,,,,,,,,,,,,,,,,,,,
M8YENOL1,Bell’s Theorem w/ Dr. Hansen Chen,429247330,453435399,2022-09-24T19:30:26.993280-07:00,2022-09-24T21:01:54.331280-07:00,,,,,,,,,,,,,,,,,,,,
xpAB515g,NVIDIA GTC 2022 Highlights w/ Jaiyam Sharma ⚡️💡,429247330,1748736477,2022-09-23T18:59:11.026844-07:00,2022-09-23T22:58:18.098844-07:00,,,,,,,,,,,,,,,,,,,,
m7LZA9gz,Longevity Promotion: Multidisciplinary Perspectives 🧬,429247330,1473228756,2022-09-23T08:29:10.565472-07:00,2022-09-23T10:00:55.183472-07:00,,,,,,,,,,,,,,,,,,,,
m3GRy5kk,Neural Operators for Scientific Computing,429247330,1473228756,2022-09-22T18:00:08.000687-07:00,2022-09-22T19:53:24.309687-07:00,,,,,,,,,,,,,,,,,,,,
xkaJVwqE,Physicists develop a perfect light trap,429247330,1473228756,2022-09-22T07:59:05.091210-07:00,2022-09-22T09:23:24.824210-07:00,,,,,,,,,,,,,,,,,,,,
MwrvEXvY,"AI, Edge, Cloud, Genomics, Physics, Tech, & Neuro News 🧠🧬",429247330,1473228756,2022-09-21T19:00:08.216736-07:00,2022-09-21T20:58:59.842736-07:00,,,,,,,,,,,,,,,,,,,,
P07JrB4E,When adverse experiences trigger modifications in DNA,429247330,1473228756,2022-09-20T16:59:07.801467-07:00,2022-09-20T18:31:43.470467-07:00,,,,,,,,,,,,,,,,,,,,
m2KEX6jp,Your brain is a prediction machine that is always active,429247330,1473228756,2022-09-20T08:44:08.737681-07:00,2022-09-20T11:02:24.481681-07:00,,,,,,,,,,,,,,,,,,,,
xBgjQeed,A quantum heat pump to detect dark matter,429247330,1473228756,2022-09-19T08:29:05.905686-07:00,2022-09-19T09:59:57.745686-07:00,,,,,,,,,,,,,,,,,,,,
P9N6JeAx,Benchmarking AlphaFold for antibiotic discovery,429247330,1473228756,2022-09-17T17:02:30.213147-07:00,2022-09-17T18:49:27.493147-07:00,,,,,,,,,,,,,,,,,,,,
M8nQWBE8,"AI, Synbio, Physics, Tech, & Neuro News",429247330,1473228756,2022-09-16T19:00:19.273011-07:00,2022-09-16T22:01:57.299011-07:00,,,,,,,,,,,,,,,,,,,,
MwE880JQ,Interacting Brains Sync Without Physical Presence,429247330,1473228756,2022-09-16T08:29:34.757728-07:00,2022-09-16T10:27:41.754728-07:00,,,,,,,,,,,,,,,,,,,,
MdOggQVV,Reinforcement Learning in Physics,429247330,1473228756,2022-09-15T16:59:08.904662-07:00,2022-09-15T18:47:37.597662-07:00,,,,,,,,,,,,,,,,,,,,
xnJ2YRw4,How Brain-Monitoring Tech Advances Could Change the Law,429247330,1473228756,2022-09-14T18:59:04.102594-07:00,2022-09-14T20:19:48.688594-07:00,,,,,,,,,,,,,,,,,,,,
M8NO41aJ,Micro-breaks increase well-being & performance,429247330,1473228756,2022-09-14T08:06:58.234189-07:00,2022-09-14T10:25:25.348189-07:00,,,,,,,,,,,,,,,,,,,,
PYLrYowz,On the overlap between cognition & emotion,429247330,1473228756,2022-09-13T17:05:02.509928-07:00,2022-09-13T20:21:32.375928-07:00,,,,,,,,,,,,,,,,,,,,
PAJnG49Z,Can we control unwanted thoughts?,429247330,1473228756,2022-09-13T08:29:20.923339-07:00,2022-09-13T10:24:11.845339-07:00,,,,,,,,,,,,,,,,,,,,
xBXWd6N7,Do video games improve cognitive skills & decision making?,429247330,1473228756,2022-09-12T16:59:08.303218-07:00,2022-09-12T19:19:55.705218-07:00,,,,,,,,,,,,,,,,,,,,
xeLjBrN3,"This week in Bio, AI, Physics, Neuroscience & Tech 🧠⌛️🧬💡",429247330,156454116,2022-09-10T19:27:40.143844-07:00,2022-09-10T22:06:56.004844-07:00,,,,,,,,,,,,,,,,,,,,
MdrwRXBo,Getting less sleep makes people less likely to help others,429247330,1473228756,2022-09-09T17:02:58.146346-07:00,2022-09-09T19:34:11.746346-07:00,,,,,,,,,,,,,,,,,,,,
M1eD5a7p,Driving simulations that look more life-like using GANs,429247330,1473228756,2022-09-08T15:03:24.147411-07:00,2022-09-08T16:42:34.184411-07:00,,,,,,,,,,,,,,,,,,,,
MRnpj5XA,Detecting nanoplastics in the air,429247330,1473228756,2022-09-08T09:29:09.605649-07:00,2022-09-08T10:44:18.234649-07:00,,,,,,,,,,,,,,,,,,,,
MwrqyKzb,How quantum computers break modern cryptography,429247330,1473228756,2022-09-07T15:59:30.211448-07:00,2022-09-07T17:32:46.072448-07:00,,,,,,,,,,,,,,,,,,,,
xqa559a8,"AI, Physics, Biotech, & Neuroscience News",429247330,1473228756,2022-09-06T18:59:56.883922-07:00,2022-09-06T21:00:08.979922-07:00,,,,,,,,,,,,,,,,,,,,
mJ6Lrovb,Water droplets Shape-Shift in the Intl Space Station,429247330,1473228756,2022-09-05T17:00:29.257929-07:00,2022-09-05T18:27:59.006929-07:00,,,,,,,,,,,,,,,,,,,,
PN9ZVl36,Progressive quantum collapse,429247330,1473228756,2022-09-02T16:59:07.468969-07:00,2022-09-02T18:39:12.396969-07:00,,,,,,,,,,,,,,,,,,,,
M62N2wEE,New study overturns 100 yr understanding of color perception,429247330,1473228756,2022-09-02T09:58:27.253291-07:00,2022-09-02T12:32:38.346291-07:00,,,,,,,,,,,,,,,,,,,,
M8XR7DN7,NeuRRAM: a new neuromorphic chip for AI on the edge w Dr Wan,429247330,1473228756,2022-09-01T16:58:44.314570-07:00,2022-09-01T18:57:08.954570-07:00,,,,,,,,,,,,,,,,,,,,
MRGjzY05,How audio experience in virtual reality can be authentic,429247330,1473228756,2022-08-31T09:59:06.169407-07:00,2022-08-31T11:30:20.985407-07:00,,,,,,,,,,,,,,,,,,,,
PQVzKdQB,Shaped Single Photons on Integrated Diamond Nanophotonics,429247330,1473228756,2022-08-30T17:08:21.023004-07:00,2022-08-30T18:49:28.265004-07:00,,,,,,,,,,,,,,,,,,,,
PGz183Xd,Impact of lack of sleep on brain & cog dev of children,429247330,1473228756,2022-08-30T14:29:13.391754-07:00,2022-08-30T16:47:24.719754-07:00,,,,,,,,,,,,,,,,,,,,
M64a49EP,Memory Formation in Adaptive Networks,429247330,1473228756,2022-08-29T08:29:21.139826-07:00,2022-08-29T10:48:20.637826-07:00,,,,,,,,,,,,,,,,,,,,
PNjnqEe6,"Quantum, Biotech, AI, & other news",429247330,1473228756,2022-08-27T19:00:04.607420-07:00,2022-08-27T21:09:36.959420-07:00,,,,,,,,,,,,,,,,,,,,
MEzzne73,LaTTe: Language Trajectory TransformEr,429247330,1473228756,2022-08-27T08:29:07.303480-07:00,2022-08-27T10:08:10.407480-07:00,,,,,,,,,,,,,,,,,,,,
MwE1LO9A,Excitation of Quantum Hall States on Quantum Computers,429247330,1473228756,2022-08-26T16:59:17.907290-07:00,2022-08-26T18:55:42.099290-07:00,,,,,,,,,,,,,,,,,,,,
PGLkRkdx,Nurtured by nature: Why being in nature is good for us,429247330,1473228756,2022-08-26T08:31:08.953424-07:00,2022-08-26T10:19:23.651424-07:00,,,,,,,,,,,,,,,,,,,,
P9WpabqQ,Evolution Through Large Models,429247330,1473228756,2022-08-25T17:03:15.965235-07:00,2022-08-25T18:44:45.757235-07:00,,,,,,,,,,,,,,,,,,,,
xVr0rG7G,Visualizing nanoscale structures in real time w/ Dr Hovden,429247330,1473228756,2022-08-24T18:04:41.784999-07:00,2022-08-24T19:49:51.693999-07:00,,,,,,,,,,,,,,,,,,,,
MOA4vN0P,Circadian mechanisms linking metabolic & mental disorders,429247330,1473228756,2022-08-24T08:43:28.142513-07:00,2022-08-24T11:03:10.584513-07:00,,,,,,,,,,,,,,,,,,,,
mW6jojp6,Another by product of aging: Hypermutations in the Brain,429247330,1473228756,2022-08-23T16:59:41.146773-07:00,2022-08-23T19:40:30.554773-07:00,,,,,,,,,,,,,,,,,,,,
PD9kVWz6,The Dark Matter Crisis in Fornax Cluster Dwarf Galaxies,429247330,1473228756,2022-08-23T09:59:48.628394-07:00,2022-08-23T11:57:50.206394-07:00,,,,,,,,,,,,,,,,,,,,
MwwkoZ5Y,Self-Control is reflected by stable mental processing,429247330,1473228756,2022-08-22T09:59:08.768433-07:00,2022-08-22T12:34:21.621433-07:00,,,,,,,,,,,,,,,,,,,,
Pvn0X7qJ,"This Week in Physics, Biotech, AI, Neuroscience etc.",429247330,1473228756,2022-08-20T19:00:40.812202-07:00,2022-08-20T20:58:24.940202-07:00,,,,,,,,,,,,,,,,,,,,
M8Y4lX2w,Can ML run auto expt beyond human level: a case 4 microscopy,429247330,1473228756,2022-08-19T16:59:11.625433-07:00,2022-08-19T19:16:55.625433-07:00,,,,,,,,,,,,,,,,,,,,
xqaJpKWp,Neurons Sync Their Beats Like Clocks on the Wall,429247330,1473228756,2022-08-18T09:58:37.131360-07:00,2022-08-18T12:18:58.101360-07:00,,,,,,,,,,,,,,,,,,,,
PGzbdVlO,Motor Cortex Replays Learned Motor Patterns During Sleep,429247330,1473228756,2022-08-17T18:59:06.530869-07:00,2022-08-17T21:07:14.999869-07:00,,,,,,,,,,,,,,,,,,,,
xV0aZBll,What is nonclassical about uncertainty relations?,429247330,1473228756,2022-08-16T09:59:15.669703-07:00,2022-08-16T11:58:39.466703-07:00,,,,,,,,,,,,,,,,,,,,
mZnYr6Od,"No, the Human Brain Did Not Shrink 3,000 years Ago 🧠",429247330,1473228756,2022-08-15T18:59:07.506241-07:00,2022-08-15T21:41:54.055241-07:00,,,,,,,,,,,,,,,,,,,,
PrDEJK6R,Nonzero Momentum Requires Long- Range Entanglement,429247330,1473228756,2022-08-13T16:58:54.363419-07:00,2022-08-13T19:03:18.427419-07:00,,,,,,,,,,,,,,,,,,,,
M43wbq8y,The Neuroscience & Physics of Time,429247330,1473228756,2022-08-12T19:07:25.053875-07:00,2022-08-12T21:15:41.650875-07:00,,,,,,,,,,,,,,,,,,,,
mglD7qB2,E-tattoos vs. E-skins w/ Dr. Nanshu Lu,429247330,1473228756,2022-08-11T16:59:15.443973-07:00,2022-08-11T18:50:32.563973-07:00,,,,,,,,,,,,,,,,,,,,
Mznqdyda,Effects of serotonin in d brain thru gastrointestinal tract,429247330,1473228756,2022-08-10T16:59:07.275525-07:00,2022-08-10T19:01:30.336525-07:00,,,,,,,,,,,,,,,,,,,,
mZ0zdGw8,Teaching Qubits to Sing: Mission Impossible?,429247330,1473228756,2022-08-10T08:29:28.787222-07:00,2022-08-10T10:37:02.291222-07:00,,,,,,,,,,,,,,,,,,,,
MK5QJ0Ep,Neuromorphic computing w/ optically driven fluid dynamics,429247330,1473228756,2022-08-08T16:58:57.471081-07:00,2022-08-08T19:05:21.257081-07:00,,,,,,,,,,,,,,,,,,,,
xkLazn7G,Cloud and Edge Computing Industrial IoT & Manufacturing,429247330,5598189,2022-08-07T19:08:59.783037-07:00,2022-08-07T20:11:48.679037-07:00,,,,,,,,,,,,,,,,,,,,
PbQkdO7w,Inverse Moore’s Law: We’re running out of room at the bottom,429247330,1473228756,2022-08-06T16:58:56.263814-07:00,2022-08-06T19:05:09.169814-07:00,,,,,,,,,,,,,,,,,,,,
xl2pe84m,Mobile vision transformers,429247330,1748736477,2022-08-05T19:00:30.109728-07:00,2022-08-05T23:25:04.925728-07:00,,,,,,,,,,,,,,,,,,,,
xl7Dnyl0,Electrifying rhythms in plant cells,429247330,1473228756,2022-08-05T15:58:42.483644-07:00,2022-08-05T18:39:18.088644-07:00,,,,,,,,,,,,,,,,,,,,
xkrQ6n82,Storing & analyzing a genome on a blockchain,429247330,1473228756,2022-08-04T16:58:17.300083-07:00,2022-08-04T19:07:03.188083-07:00,,,,,,,,,,,,,,,,,,,,
M5RKoqbl,The complex mechanism of circadian inter-organ communication,429247330,1473228756,2022-08-04T09:59:05.686108-07:00,2022-08-04T12:05:06.006108-07:00,,,,,,,,,,,,,,,,,,,,
PNOzwwBZ,The structure of the smallest semiconductor elucidated,429247330,1473228756,2022-08-03T17:00:05.254736-07:00,2022-08-03T18:55:06.928736-07:00,,,,,,,,,,,,,,,,,,,,
mZ7leGJk,Splines: the fast rhythm linking the left & right brain,429247330,1473228756,2022-08-01T16:58:50.714982-07:00,2022-08-01T19:06:45.615982-07:00,,,,,,,,,,,,,,,,,,,,
MzjLO4Xp,Collapsing a theory for the quantum origin of consciousness,429247330,1473228756,2022-07-31T08:28:34.151721-07:00,2022-07-31T12:13:21.404721-07:00,,,,,,,,,,,,,,,,,,,,
ma1w30Z7,Adversarial machine learning & its role in transfer learning,429247330,1473228756,2022-07-30T19:01:33.022255-07:00,2022-07-30T21:56:36.275255-07:00,,,,,,,,,,,,,,,,,,,,
m713WWjW,Neural attention and vision transformers,429247330,1748736477,2022-07-30T15:59:41.763534-07:00,2022-07-30T19:14:14.211534-07:00,,,,,,,,,,,,,,,,,,,,
mywLwoB4,"Robotics, AI, Edge, Quantum & Other News",429247330,1473228756,2022-07-28T18:59:21.809151-07:00,2022-07-28T21:36:03.857151-07:00,,,,,,,,,,,,,,,,,,,,
mZ1J3OEA,The Life of a Materials Scientist w/ Kumar Virwani,429247330,695210870,2022-07-28T08:56:11.124484-07:00,2022-07-28T11:01:28.073484-07:00,,,,,,,,,,,,,,,,,,,,
MwnJvgZg,Connectivity of Language Areas Unique in the Human Brain,429247330,1473228756,2022-07-27T09:58:17.493643-07:00,2022-07-27T12:15:00.479643-07:00,,,,,,,,,,,,,,,,,,,,
Mworb0yk,"AI, Physics, Neuroscience & Other News",429247330,1473228756,2022-07-26T19:01:05.898938-07:00,2022-07-26T21:38:12.223938-07:00,,,,,,,,,,,,,,,,,,,,
M6jYz28L,The Science of Attraction & How We Form Relationships,429247330,1473228756,2022-07-26T08:28:36.509651-07:00,2022-07-26T10:14:16.349651-07:00,,,,,,,,,,,,,,,,,,,,
xorzQNlP,Why do some people get sicker than others from COVID?,429247330,1473228756,2022-07-25T16:58:30.506285-07:00,2022-07-25T19:12:19.647285-07:00,,,,,,,,,,,,,,,,,,,,
mW1Z9B26,Molecular map of the synapse,429247330,1473228756,2022-07-25T08:50:37.207214-07:00,2022-07-25T11:10:23.959214-07:00,,,,,,,,,,,,,,,,,,,,
mgwAlK3d,The Fundamental Problem of AI w/ Monica Anderson,429247330,1473228756,2022-07-23T17:58:46.832967-07:00,2022-07-23T20:22:20.357967-07:00,,,,,,,,,,,,,,,,,,,,
M50wGe2J,Al diagnoses Alzheimer's & dementia thru voice recordings,429247330,1473228756,2022-07-22T16:58:27.313281-07:00,2022-07-22T18:46:16.923281-07:00,,,,,,,,,,,,,,,,,,,,
m38AOjyl,New algorithm can predict crimes a week before it happens,429247330,1473228756,2022-07-21T16:58:32.291433-07:00,2022-07-21T19:01:11.800433-07:00,,,,,,,,,,,,,,,,,,,,
MEgNby10,Urban Decarbonization w/ Sheridan Tatsuno,429247330,3963547,2022-07-20T16:58:26.310011-07:00,2022-07-20T19:50:39.643011-07:00,,,,,,,,,,,,,,,,,,,,
mWLARQvE,Fundamental symmetries of nature w radioactive molecules,429247330,1473228756,2022-07-19T16:58:50.901077-07:00,2022-07-19T19:13:22.965077-07:00,,,,,,,,,,,,,,,,,,,,
mZledLQx,"AI, Neuroscience & Physics News",429247330,1473228756,2022-07-18T19:00:05.467443-07:00,2022-07-18T20:53:48.144443-07:00,,,,,,,,,,,,,,,,,,,,
mWKowyly,Cognitive immobility: Trapped in a Place From Your Past,429247330,1473228756,2022-07-18T08:29:02.352268-07:00,2022-07-18T10:43:18.928268-07:00,,,,,,,,,,,,,,,,,,,,
P9njonvO,Brain Signal Proteins Evolved Before Animals Did,429247330,1473228756,2022-07-17T08:28:29.162194-07:00,2022-07-17T10:22:52.180194-07:00,,,,,,,,,,,,,,,,,,,,
MO2rrZJ6,On the Design of Decentralised Data Markets,429247330,1473228756,2022-07-16T08:29:13.941447-07:00,2022-07-16T10:07:38.303447-07:00,,,,,,,,,,,,,,,,,,,,
M6EovD4A,Brain-wide reconstruction after traumatic brain injury,429247330,1473228756,2022-07-14T17:00:04.752546-07:00,2022-07-14T19:02:19.834546-07:00,,,,,,,,,,,,,,,,,,,,
MdWBWk7x,Do Humans Trust Advice More if it Comes from AI?,429247330,1473228756,2022-07-13T17:00:19.900277-07:00,2022-07-13T18:36:44.156277-07:00,,,,,,,,,,,,,,,,,,,,
P99RjAWv,Moving Beyond Mimicry in Artificial Intelligence,429247330,1473228756,2022-07-12T18:28:49.313224-07:00,2022-07-12T20:48:54.902224-07:00,,,,,,,,,,,,,,,,,,,,
M1wN6gGR,Robophysics: Spontaneous Collective Behavior Emerge,429247330,1473228756,2022-07-11T19:00:19.895436-07:00,2022-07-11T20:51:28.737436-07:00,,,,,,,,,,,,,,,,,,,,
m2QbzZ78,Using the power of ML for moving atoms & learning physics,429247330,1473228756,2022-07-09T16:58:11.431110-07:00,2022-07-09T19:15:43.975110-07:00,,,,,,,,,,,,,,,,,,,,
Mz5QWE94,Prisoner's Dilemna & The Emergence of Life,429247330,1473228756,2022-07-08T12:32:24.540154-07:00,2022-07-08T15:00:36.870154-07:00,,,,,,,,,,,,,,,,,,,,
P9D98Q4X,Perovskite Based Memristors for Brain Inspired. Computing,429247330,1424185331,2022-07-08T09:11:29.346237-07:00,2022-07-08T11:46:10.626237-07:00,,,,,,,,,,,,,,,,,,,,
PN0rOz3l,"Neuroscience, Physics, & Other News",429247330,1473228756,2022-07-07T18:59:21.306967-07:00,2022-07-07T20:29:32.868967-07:00,,,,,,,,,,,,,,,,,,,,
PQw777yb,2 Time Crystals Interacting as Described by Quantum Physics,429247330,1473228756,2022-07-07T08:29:08.218851-07:00,2022-07-07T10:09:45.231851-07:00,,,,,,,,,,,,,,,,,,,,
myWeeNve,A LaMDA AI post party - sentient or not?,429247330,1473228756,2022-07-05T18:58:06.011513-07:00,2022-07-05T22:36:16.976513-07:00,,,,,,,,,,,,,,,,,,,,
xVLG8qbD,Oxytocin & the evolution of human prosociality,429247330,1473228756,2022-07-05T08:29:17.815665-07:00,2022-07-05T10:21:02.071665-07:00,,,,,,,,,,,,,,,,,,,,
PYbNA1dv,"What is grit, and why is it important?",429247330,1473228756,2022-07-02T19:02:19.741289-07:00,2022-07-02T22:49:34.962289-07:00,,,,,,,,,,,,,,,,,,,,
M6jeQ19V,Packet Switching in Quantum Nets: A Path to Quantum Internet,429247330,1473228756,2022-07-02T09:59:09.286556-07:00,2022-07-02T11:59:01.200556-07:00,,,,,,,,,,,,,,,,,,,,
P0rjlvEE,Claude Shannon: Prophet of Information,429247330,1473228756,2022-07-01T18:59:20.838623-07:00,2022-07-01T22:38:00.475623-07:00,,,,,,,,,,,,,,,,,,,,
PGlpdEJV,Continuous Bose-Einstein condensation w/ Dr. Shreck,429247330,1124785611,2022-07-01T08:21:01.476259-07:00,2022-07-01T10:29:10.116259-07:00,,,,,,,,,,,,,,,,,,,,
P0O1ZWjY,Learning outside the Brain:Cognitive Science&Systems Biology,429247330,1473228756,2022-06-30T16:59:39.575996-07:00,2022-06-30T19:13:49.559996-07:00,,,,,,,,,,,,,,,,,,,,
my9OdG4e,"Confirming Tetraneutron, a new state of matter w/ Dr. Vary",429247330,1473228756,2022-06-29T16:59:17.182139-07:00,2022-06-29T19:31:33.971139-07:00,,,,,,,,,,,,,,,,,,,,
xjXB3ZWk,AMA on LaMDA AI w/ Blake Lemoine,429247330,929146922,2022-06-28T18:58:20.539905-07:00,2022-06-28T21:10:04.112905-07:00,,,,,,,,,,,,,,,,,,,,
mJzp9VAn,Tracking the deep evolutionary origin of neurons,429247330,1473228756,2022-06-28T08:45:28.261184-07:00,2022-06-28T10:29:24.911184-07:00,,,,,,,,,,,,,,,,,,,,
xn7L1w3Q,Preparty for LaMDA w/ Blake Lemoine in QP,429247330,1479168654,2022-06-27T19:00:56.293230-07:00,2022-06-27T20:24:22.245230-07:00,,,,,,,,,,,,,,,,,,,,
MR2JQZQz,The Metaverse : an immersive cyberspace & open challenges,429247330,1054982602,2022-06-24T18:49:44.237991-07:00,2022-06-24T20:58:54.850991-07:00,,,,,,,,,,,,,,,,,,,,
M8L2pKDL,New intranasal & Injectable gene therapy 4 life extension,429247330,1473228756,2022-06-24T16:59:45.065483-07:00,2022-06-24T19:07:45.513483-07:00,,,,,,,,,,,,,,,,,,,,
mZ1RpXY0,Alan Turing,429247330,1473228756,2022-06-23T19:01:48.831591-07:00,2022-06-23T21:29:24.959591-07:00,,,,,,,,,,,,,,,,,,,,
MOy0a3n0,What is Emotional Intelligence? Why does it matter?,429247330,1473228756,2022-06-22T18:59:27.101014-07:00,2022-06-22T22:28:42.514014-07:00,,,,,,,,,,,,,,,,,,,,
mgnBvYEK,What is the multiverse? Does it exist? w/ Dr. Luke Barnes,429247330,1473228756,2022-06-21T18:59:41.887151-07:00,2022-06-21T21:00:54.164151-07:00,,,,,,,,,,,,,,,,,,,,
xp9do14K,"Semiconductors, Millirobots, AI, & Other News",429247330,1473228756,2022-06-20T19:00:38.161224-07:00,2022-06-20T21:35:11.099224-07:00,,,,,,,,,,,,,,,,,,,,
M87pE17x,New spin on galaxy rotation saves alternative gravity theory,429247330,1473228756,2022-06-19T08:47:07.077853-07:00,2022-06-19T11:22:22.426853-07:00,,,,,,,,,,,,,,,,,,,,
xqNyL7VD,Time machine simulations for lifecycle of ancestor galaxies,429247330,1473228756,2022-06-18T18:59:23.412167-07:00,2022-06-18T21:27:40.052167-07:00,,,,,,,,,,,,,,,,,,,,
xXOJG9XW,Can physics solve the hard problem of consciousness?,429247330,1473228756,2022-06-17T18:59:31.619184-07:00,2022-06-17T22:15:15.853184-07:00,,,,,,,,,,,,,,,,,,,,
xoEDYae1,Having fun w/ DALL.E 2 image generation Al w/ Jaiyam,429247330,1748736477,2022-06-17T16:59:31.514150-07:00,2022-06-17T19:06:16.783150-07:00,,,,,,,,,,,,,,,,,,,,
m7vJ5DKb,12K Celebration🎉Happy Hour,429247330,1479168654,2022-06-16T15:30:23.036801-07:00,2022-06-16T17:25:29.126801-07:00,,,,,,,,,,,,,,,,,,,,
PbgRb8ww,Atmospheric helium levels rise as byproducts of fossil fuels,429247330,1473228756,2022-06-15T16:58:22.035250-07:00,2022-06-15T19:14:24.915250-07:00,,,,,,,,,,,,,,,,,,,,
xoeZzepy,MOND - Milgromian Dynamics w/ Dr. Indranil Banik,429247330,1473228756,2022-06-15T08:38:05.575560-07:00,2022-06-15T10:23:25.212560-07:00,,,,,,,,,,,,,,,,,,,,
myj7DQrL,Electric Fields are Conductors for Info in Working Memory,429247330,1473228756,2022-06-14T08:28:31.830989-07:00,2022-06-14T11:15:54.838989-07:00,,,,,,,,,,,,,,,,,,,,
P9Y2Rd6v,"When eyes meet, neurons start to fire",429247330,1473228756,2022-06-13T10:58:08.585461-07:00,2022-06-13T13:42:06.515461-07:00,,,,,,,,,,,,,,,,,,,,
MEeG9l43,Transforming Education: What is the future of education?,429247330,1473228756,2022-06-11T19:00:13.929251-07:00,2022-06-11T22:44:38.569251-07:00,,,,,,,,,,,,,,,,,,,,
mabDwA5v,AI for Semiconductor Manufacturing w/ Jaiyam Sharma,429247330,1473228756,2022-06-10T18:59:08.048983-07:00,2022-06-10T21:58:00.613983-07:00,,,,,,,,,,,,,,,,,,,,
my9dQ95D,"Faraday, Maxwell, & the Electromagnetic Field",429247330,1473228756,2022-06-09T17:30:18.429218-07:00,2022-06-09T21:03:06.215218-07:00,,,,,,,,,,,,,,,,,,,,
m25a8Ww1,How to Create an Artificial Scientist,429247330,1473228756,2022-06-09T08:28:47.046703-07:00,2022-06-09T11:17:48.038703-07:00,,,,,,,,,,,,,,,,,,,,
xLlyr7we,Tech News in QP Club,429247330,1473228756,2022-06-08T18:59:50.444979-07:00,2022-06-08T21:02:26.902979-07:00,,,,,,,,,,,,,,,,,,,,
MdZwZzBR,Zero-index metamaterials: New insights to quantum mechanics,429247330,1473228756,2022-06-08T08:29:25.577591-07:00,2022-06-08T10:52:48.243591-07:00,,,,,,,,,,,,,,,,,,,,
P9DOpjNX,Strange Dreams Might Help Your Brain Learn Better,429247330,1473228756,2022-06-07T08:29:18.160269-07:00,2022-06-07T10:31:05.466269-07:00,,,,,,,,,,,,,,,,,,,,
xnXKrKV4,The Dunning-Krueger Effect & Other Cognitive Biases,429247330,1473228756,2022-06-04T18:59:23.837098-07:00,2022-06-04T21:59:48.967098-07:00,,,,,,,,,,,,,,,,,,,,
MEAOwrV0,"Warp speed ""Unruh effect"" can now be tested in lab settings",429247330,1473228756,2022-06-03T17:00:09.175619-07:00,2022-06-03T19:04:10.540619-07:00,,,,,,,,,,,,,,,,,,,,
MO28Ea6x,Control out-of-equilibrium environments in a quantum device,429247330,1473228756,2022-06-03T12:05:16.406033-07:00,2022-06-03T14:09:28.182033-07:00,,,,,,,,,,,,,,,,,,,,
xkvJbQW1,Why haven't aliens visited us yet - A Fermi Paradox Solution,429247330,1473228756,2022-06-02T19:16:36.723935-07:00,2022-06-02T21:56:46.984935-07:00,,,,,,,,,,,,,,,,,,,,
MOyd9pJ6,Game Theory: How it Explains Irrational Human Behavior,429247330,1473228756,2022-06-02T16:55:06.707147-07:00,2022-06-02T18:59:14.280147-07:00,,,,,,,,,,,,,,,,,,,,
mg1KNGpx,Nikola Tesla part 3,429247330,1473228756,2022-06-01T18:59:22.140671-07:00,2022-06-01T21:48:30.620671-07:00,,,,,,,,,,,,,,,,,,,,
M1O6q5QR,The impact of digital media in children’s intelligence,429247330,1473228756,2022-06-01T08:29:46.509124-07:00,2022-06-01T10:56:01.186124-07:00,,,,,,,,,,,,,,,,,,,,
Pv61RQ6R,Leonardo da Vinci: The Union of Science & Art,429247330,1473228756,2022-05-31T18:59:38.296446-07:00,2022-06-01T21:48:30.620671-07:00,,,,,,,,,,,,,,,,,,,,
P0Ap0VEN,Uncertainty Theory & Applications-Part 1 w Dr. Shariatmadar,429247330,1473228756,2022-05-29T11:29:34.464263-07:00,2022-06-01T10:56:01.186124-07:00,,,,,,,,,,,,,,,,,,,,
xkv9KkJP,Modern Teaching Methods in Mathematics w Dr Janelle,429247330,1473228756,2022-05-28T18:58:25.185162-07:00,2022-05-31T21:22:18.232446-07:00,,,,,,,,,,,,,,,,,,,,
PAj9pje8,Scitech News in QP,429247330,1473228756,2022-05-27T19:00:16.212732-07:00,2022-05-29T13:50:38.464263-07:00,,,,,,,,,,,,,,,,,,,,
M4zON1Wy,A shortcut to biochemical reactions led to life on earth?,429247330,1473228756,2022-05-27T08:01:59.275368-07:00,2022-05-28T20:48:16.865162-07:00,,,,,,,,,,,,,,,,,,,,
xXQ84ar2,Nikola Tesla part 2,429247330,1473228756,2022-05-25T18:59:46.671387-07:00,2022-05-27T20:53:20.361732-07:00,,,,,,,,,,,,,,,,,,,,
M8KBNJQL,The Usefulness of Useless Knowledge,429247330,1473228756,2022-05-24T18:59:40.799123-07:00,2022-05-27T09:31:02.720368-07:00,,,,,,,,,,,,,,,,,,,,
PN9ApOrK,"Garrett Lisi on Geometric Naturalness, Lie theory,  & E. T.",429247330,1473228756,2022-05-21T18:58:10.624689-07:00,2022-05-25T21:03:26.383387-07:00,,,,,,,,,,,,,,,,,,,,
P0O8L92N,No Time to Age: Uncoupling Aging from Time w Dr Dana Larocca,429247330,1473228756,2022-05-20T18:58:03.727966-07:00,2022-05-24T22:02:31.508123-07:00,,,,,,,,,,,,,,,,,,,,
PbRNXoyb,The Future of Education w/ David Wood,429247330,1473228756,2022-05-20T12:58:06.792927-07:00,2022-05-21T21:12:51.648689-07:00,,,,,,,,,,,,,,,,,,,,
M16BlZJ3,Nikola Tesla,429247330,1473228756,2022-05-19T18:57:44.319229-07:00,2022-05-20T21:40:35.236966-07:00,,,,,,,,,,,,,,,,,,,,
PrnAj9W6,"IoT, Tiny ML, Edge & Neuromorphic Computing News",429247330,1473228756,2022-05-18T18:58:37.505309-07:00,2022-05-20T15:44:31.645927-07:00,,,,,,,,,,,,,,,,,,,,
MEXeaELV,Feelings including sadness may to key to depression recovery,429247330,1473228756,2022-05-18T10:57:07.565660-07:00,2022-05-19T22:17:07.348229-07:00,,,,,,,,,,,,,,,,,,,,
m34Gl39r,Spectrum of Personality: Compliers & Outliers,429247330,1473228756,2022-05-17T18:29:54.696111-07:00,2022-05-18T21:10:40.555309-07:00,,,,,,,,,,,,,,,,,,,,
PQzk48d8,Computational Neuroscience w/ Wisam Reid,429247330,1473228756,2022-05-16T19:30:53.536128-07:00,2022-05-18T13:24:28.802660-07:00,,,,,,,,,,,,,,,,,,,,
PAe9g6w7,Technology & The Future of Medicine w/ Dr Kim Solez,429247330,1473228756,2022-05-14T16:57:12.892451-07:00,2022-05-17T22:21:55.336111-07:00,,,,,,,,,,,,,,,,,,,,
M6E65a5E,Can deep learning break down what it learns? W Dr K Murphy,429247330,1473228756,2022-05-13T16:59:19.082472-07:00,2022-05-16T21:08:32.736128-07:00,,,,,,,,,,,,,,,,,,,,
P9yXRXvP,Big Bang as a topological phase transition w Dr Klinkhamer,429247330,1473228756,2022-05-13T06:57:07.031913-07:00,2022-05-14T19:27:50.865451-07:00,,,,,,,,,,,,,,,,,,,,
maQ0vkVL,Quantum & AI news feat IBM’s Latest Roadmap,429247330,1473228756,2022-05-12T18:30:20.316849-07:00,2022-05-13T19:20:57.023472-07:00,,,,,,,,,,,,,,,,,,,,
xXOYa9eW,Machine Learning Algebraic Geometry for Physics w/ Ed Hirst,429247330,1473228756,2022-05-12T08:27:38.908256-07:00,2022-05-13T09:13:27.639913-07:00,,,,,,,,,,,,,,,,,,,,
xXDAakWv,Gravitational waves & holographic duality w Dr Feanor Ares,429247330,1473228756,2022-05-11T16:57:13.636244-07:00,2022-05-12T20:13:44.540849-07:00,,,,,,,,,,,,,,,,,,,,
P9WJ3pqd,Long COVID-19 Affects 15% of us- Real Stories & Science,429247330,1473228756,2022-05-10T16:58:09.099351-07:00,2022-05-12T10:25:25.894256-07:00,,,,,,,,,,,,,,,,,,,,
M5j4VrA4,Machine Learning Meets Quantum Physics,429247330,1479168654,2022-05-09T19:02:44.672426-07:00,2022-05-11T20:04:24.612244-07:00,,,,,,,,,,,,,,,,,,,,
mJ6DnLJb,James Clerk Maxwell,429247330,1473228756,2022-05-07T18:59:11.582028-07:00,2022-05-10T19:58:05.920351-07:00,,,,,,,,,,,,,,,,,,,,
M17B3j9N,Physics & Neuroscience News,429247330,1473228756,2022-05-06T18:58:22.188689-07:00,2022-05-09T21:40:38.826426-07:00,,,,,,,,,,,,,,,,,,,,
xLyBaoeL,Creativity & Imagination,429247330,1473228756,2022-05-05T18:58:27.218008-07:00,2022-05-07T21:16:37.619028-07:00,,,,,,,,,,,,,,,,,,,,
xLBYjK7L,Scaling Up:Quantum Computing Greatest Challenge-Open Floor,429247330,1479168654,2022-05-04T19:02:03.700467-07:00,2022-05-06T21:03:18.657689-07:00,,,,,,,,,,,,,,,,,,,,
MEj3A7ny,Engrams 4 specific memory distributed n diff brain regions,429247330,1473228756,2022-05-02T16:56:42.633099-07:00,2022-05-05T22:36:53.415008-07:00,,,,,,,,,,,,,,,,,,,,
M8ZEvo27,1st QP ANNIV🎈Closing Ceremony,429247330,1479168654,2022-04-30T19:14:31.970304-07:00,2022-05-04T20:53:43.924467-07:00,,,,,,,,,,,,,,,,,,,,
MR3p9y9z,🎂 Higgs Boson turns 🔟: what now for particle physics?,429247330,1309298653,2022-04-30T11:57:03.455253-07:00,2022-05-02T18:45:18.878099-07:00,,,,,,,,,,,,,,,,,,,,
MwV874ob,"1st QP ANNIV🎈Semicon, Edge, Neuromorphic Computing, AI News",429247330,1473228756,2022-04-29T18:58:40.232695-07:00,2022-04-30T21:07:06.146304-07:00,,,,,,,,,,,,,,,,,,,,
MEjerYby,1st QP ANNIV🎈Meditation & Embrace Self w/ Kissey Asplund,429247330,1479168654,2022-04-29T11:59:47.129710-07:00,2022-04-30T14:12:56.777253-07:00,,,,,,,,,,,,,,,,,,,,
M8Kj27gL,1st QP ANNIV🎈Chillin’ (music) with Jenny🎼🎂,429247330,1473228756,2022-04-29T00:35:55.793647-07:00,2022-04-29T21:38:19.261695-07:00,,,,,,,,,,,,,,,,,,,,
xqjBzyK8,"1st QP ANNIV🎈Entanglement,Spacetime & Cosmology-Dr Raamsdonk",429247330,1473228756,2022-04-28T18:58:14.207122-07:00,2022-04-29T12:28:46.691710-07:00,,,,,,,,,,,,,,,,,,,,
PAdLQlaQ,1st QP ANNIV🎈Piano Performance (LIVE) w/ Stew,429247330,1479168654,2022-04-28T15:59:02.636227-07:00,2022-04-29T01:53:38.961647-07:00,,,,,,,,,,,,,,,,,,,,
PQRg1ooQ,1st QP ANNIV🎈Meditation (LIVE) w/ Erum Ahmed,429247330,1479168654,2022-04-28T10:01:19.425760-07:00,2022-04-28T21:42:15.124122-07:00,,,,,,,,,,,,,,,,,,,,
xB0dE4aw,1st QP ANNIV🎈Space & Austere Environment Medicine-Dr. Shawna,429247330,1473228756,2022-04-27T16:58:08.585293-07:00,2022-04-28T17:00:59.116227-07:00,,,,,,,,,,,,,,,,,,,,
xpazj8DY,1st QP ANNIV🎈Piano Performance(LIVE) w/ Rufus Lin,429247330,1479168654,2022-04-27T15:00:39.307620-07:00,2022-04-28T10:27:38.454760-07:00,,,,,,,,,,,,,,,,,,,,
xkeGOb5G,1st QP ANNIV🎈Meditation(LIVE) w/ Ella,429247330,636326203,2022-04-27T06:30:24.963248-07:00,2022-04-27T18:07:54.227293-07:00,,,,,,,,,,,,,,,,,,,,
m3onQ4VV,1st QP ANNIV🎈ReGen Villages using machine learning w / James,429247330,1473228756,2022-04-26T18:54:53.301235-07:00,2022-04-27T16:06:45.707620-07:00,,,,,,,,,,,,,,,,,,,,
mJDDB5Ar,"1st QP ANNIV🎈George Church, biotechnologist, futurist,entrep",429247330,1276865457,2022-04-26T11:56:44.591555-07:00,2022-04-27T07:39:19.320248-07:00,,,,,,,,,,,,,,,,,,,,
M8XvzOK7,1st QP ANNIV🎈Meditation w/ Kissey,429247330,1479168654,2022-04-26T10:31:05.304292-07:00,2022-04-26T22:26:38.986235-07:00,,,,,,,,,,,,,,,,,,,,
M6VV43zM,ANNIV🎈Musical Mixing(LIVE) w/ DJ Pratik,429247330,1479168654,2022-04-25T23:28:50.351588-07:00,2022-04-26T12:35:52.281555-07:00,,,,,,,,,,,,,,,,,,,,
PbLepJq5,1st QP ANNIV 🎈Individual w/out A Left Temporal Lobe w/ Greta,429247330,1473228756,2022-04-25T16:57:43.635865-07:00,2022-04-26T10:53:51.277292-07:00,,,,,,,,,,,,,,,,,,,,
xqk95QAp,1st QP ANNIV🎈Opening Ceremony,429247330,1479168654,2022-04-24T19:06:49.674521-07:00,2022-04-26T01:17:46.073588-07:00,,,,,,,,,,,,,,,,,,,,
MOdKkr4m,Brain Implant & BCI w/ Ujwal Chaudhary,429247330,1473228756,2022-04-23T18:56:38.488233-07:00,2022-04-25T18:33:30.045865-07:00,,,,,,,,,,,,,,,,,,,,
PNodVALJ,"ATP synthase dynamics: physics, chemistry, & biology",429247330,988581758,2022-04-22T18:47:04.194914-07:00,2022-04-24T20:36:29.855521-07:00,,,,,,,,,,,,,,,,,,,,
PDevBpEO,Mysteries in the interior of the sun w Dr. Shravan Hanasoge,429247330,1473228756,2022-04-21T18:26:18.047942-07:00,2022-04-23T20:56:13.634233-07:00,,,,,,,,,,,,,,,,,,,,
mJg6NRQk,Neuroscience: What Might Happen in Our Brain When We Die,429247330,1479168654,2022-04-18T19:01:29.650815-07:00,2022-04-22T22:19:47.650914-07:00,,,,,,,,,,,,,,,,,,,,
P0nanGnM,Inventing World 3.O,429247330,1473228756,2022-04-16T16:58:07.785923-07:00,2022-04-21T21:27:49.247942-07:00,,,,,,,,,,,,,,,,,,,,
xLBo113W,The Geopolitics of Semiconductors w/ Jaiyam,429247330,1748736477,2022-04-15T19:00:28.145567-07:00,2022-04-18T22:01:30.802815-07:00,,,,,,,,,,,,,,,,,,,,
mylNE7wL,Looking for Life on Exoplanets w/ Jim Green,429247330,1479168654,2022-04-14T16:59:34.785248-07:00,2022-04-16T20:20:34.707923-07:00,,,,,,,,,,,,,,,,,,,,
PN2nO7pK,The Futurist Case for Active Transhumanism w/ David Wood,429247330,1473228756,2022-04-13T12:58:19.100279-07:00,2022-04-15T23:21:01.083567-07:00,,,,,,,,,,,,,,,,,,,,
PrKqbOzW,Silicon Photonics w/ Dr. Hamed Saghaei,429247330,1479168654,2022-04-12T19:07:26.026148-07:00,2022-04-14T18:04:13.654248-07:00,,,,,,,,,,,,,,,,,,,,
xXQ7Vop3,"The W. boson, DALL-E2, & Other Scitech News",429247330,1473228756,2022-04-11T19:00:42.244148-07:00,2022-04-13T14:51:47.654279-07:00,,,,,,,,,,,,,,,,,,,,
mW65vRAL,The Origin and Destiny of the Universe w/ Aaron,429247330,1479168654,2022-04-09T11:59:21.064899-07:00,2022-04-12T20:37:39.786148-07:00,,,,,,,,,,,,,,,,,,,,
MEpZwKYy,“Lehmer Transform for Complex Data Analysis” w/ Dr. Masoud,429247330,1473228756,2022-04-08T18:59:38.922603-07:00,2022-04-11T21:16:22.041148-07:00,,,,,,,,,,,,,,,,,,,,
MEwXwd4A,Sensory Substitution & Other Biological Plasticities,429247330,1473228756,2022-04-07T19:01:36.455541-07:00,2022-04-09T13:50:25.448899-07:00,,,,,,,,,,,,,,,,,,,,
PYLponnO,Space Medicine & Astronautics w Dr Shawna Pandya,429247330,1473228756,2022-04-06T16:58:21.758294-07:00,2022-04-08T23:06:08.362603-07:00,,,,,,,,,,,,,,,,,,,,
M8wjoWW1,"Genomics, Longevity, & Physics News",429247330,1473228756,2022-04-05T19:06:47.451505-07:00,2022-04-07T20:53:36.092541-07:00,,,,,,,,,,,,,,,,,,,,
Md89gyn8,Brain implant allows ALS patient to communicate w Dr Ujwal,429247330,1473228756,2022-04-05T09:27:33.674693-07:00,2022-04-06T18:51:30.174294-07:00,Space Medicine & Astronautics,Engineering,,,,,,,,,,,,,,,,,,
xLznR9D6,Brain implant lets paralyzed patient communicate- pre party,429247330,1473228756,2022-04-04T19:15:19.031926-07:00,2022-04-05T21:25:40.720505-07:00,"Genomics, Longevity, Physics","Biology, Physics",,,,,,,,,,,,,,,,,,
xnJYaeV3,"QP Happy Hour : Goodbye March, Hello April",429247330,1473228756,2022-04-02T19:00:12.913865-07:00,2022-04-05T10:44:49.706693-07:00,Brain,Neuroscience,,,,,,,,,,,,,,,,,,
ma4QAdeq,E Beam Lithography w/ Jaiyam,429247330,1748736477,2022-04-01T19:01:13.197355-07:00,2022-04-04T20:13:12.951926-07:00,Brain,Neuroscience,,,,,,,,,,,,,,,,,,
M8LqDO5a,The Life and Math of Srinivasa Ramanujan,429247330,725499074,2022-03-31T18:54:20.462295-07:00,2022-04-02T21:15:01.702865-07:00,QP Event,Others,,,,,,,,,,,,,,,,,,
Mwa0zBAB,"Quantum, AI, and Neuroscience News",429247330,1473228756,2022-03-30T18:59:56.071221-07:00,2022-04-01T21:46:45.826355-07:00,E Beam Lithography,Physics,,,,,,,,,,,,,,,,,,
MdRBQWAq,ColdQuanta Quantum Approach w/ ColdQuanta Experts,429247330,1728644708,2022-03-30T07:17:11.775267-07:00,2022-03-31T22:04:52.760295-07:00,Math,Mathematics,,,,,,,,,,,,,,,,,,
M5RndVGp,The Einstein-Podolsky-Rosen(EPR) Paradox w/ Hansen,429247330,1479168654,2022-03-29T19:02:47.627746-07:00,2022-03-30T21:08:26.215221-07:00,"Quantum, AI, Neuroscience",Neuroscience,,,,,,,,,,,,,,,,,,
M6jgekAn,Behaviors and neural networks,429247330,2106304524,2022-03-28T18:56:05.356183-07:00,2022-03-30T08:36:33.375267-07:00,Quantum Technologies,Technology,,,,,,,,,,,,,,,,,,
M5ewoe1X,Will NVIDIA Hopper transform AI? w/ Jaiyam Sharma,429247330,1473228756,2022-03-28T03:58:15.025366-07:00,2022-03-29T21:07:16.427746-07:00,The Einstein-Podolsky-Rosen(ERP) Paradox,Physics,,,,,,,,,,,,,,,,,,
Pr1ybdWl,AR VR XR Hardware Technologies w/ Steve,429247330,1473228756,2022-03-26T19:02:58.674777-07:00,2022-03-28T21:11:26.486183-07:00,"Behaviors, Neural Networks",Science,,,,,,,,,,,,,,,,,,
PYoNeOWM,Evolutionary Ethics & The METAverse,429247330,1473228756,2022-03-25T16:51:33.309348-07:00,2022-03-28T06:20:17.627366-07:00,AI,Technology,,,,,,,,,,,,,,,,,,
xLlNL72L,Quantum Machine Learning w/ Dr. Travis Scholten,429247330,1479168654,2022-03-25T11:57:17.396794-07:00,2022-03-26T20:42:27.164777-07:00,"AR, VR, XR, Hardware, Technologies","Technology, Engineering",,,,,,,,,,,,,,,,,,
MzYLzQ2R,"Tech: Emerging Trends, Future Directions",429247330,458958,2022-03-24T17:00:57.355999-07:00,2022-03-25T20:36:47.335348-07:00,"Evolutionary Ethics, METAverse","Biology, Technology",,,,,,,,,,,,,,,,,,
PvBYbaD7,10K QP Celebration Party ✌️❤️🎉🥰🔥🥂💡,429247330,1479168654,2022-03-23T17:31:01.233012-07:00,2022-03-25T13:24:33.662794-07:00,Machine Learning,Engineering,,,,,,,,,,,,,,,,,,
P08oJRGY,The Digital Data Economy w/ Kati Walcott,429247330,1473228756,2022-03-22T16:58:20.480435-07:00,2022-03-24T18:48:26.165999-07:00,"Tech, Trends, Future ",Technology,,,,,,,,,,,,,,,,,,
M5bo8BJm,Emergent Sasaki-Einstein geometry and AdS/CFT w  Dr. Persson,429247330,1473228756,2022-03-22T09:10:29.051871-07:00,2022-03-23T20:22:00.262012-07:00,QP Event,Others,,,,,,,,,,,,,,,,,,
PGz9Dzed,Neuroplasticity Part 2,429247330,1479168654,2022-03-21T19:03:26.822160-07:00,2022-03-22T19:10:11.477435-07:00,Economy,Economy,,,,,,,,,,,,,,,,,,
MOy9Kev6,Transhumanism w/ Chris Armstrong,429247330,1473228756,2022-03-19T18:56:18.685335-07:00,2022-03-22T10:57:45.403871-07:00,"Einstein geometry, AdS/CFT ",Physics,,,,,,,,,,,,,,,,,,
xB1j7L2P,“Using reprogramming to uncover extreme human longevity”,429247330,700138694,2022-03-18T18:54:19.744690-07:00,2022-03-21T20:26:50.854160-07:00,Neuroplasticity,Medicine,,,,,,,,,,,,,,,,,,
MEKpJra2,Future of cities & Decentralization of Primary Health Care,429247330,1473228756,2022-03-17T18:58:01.769758-07:00,2022-03-19T22:07:51.826335-07:00,Transhumanism,Philosophy,,,,,,,,,,,,,,,,,,
m2j4o1gD,Quantum Tech Hangout,429247330,1473228756,2022-03-15T18:59:41.725894-07:00,2022-03-18T20:56:53.472690-07:00,"Reprogramming, human longevity",Science,,,,,,,,,,,,,,,,,,
P0n39B9M,"Everything Albert Einstein, Stephen Hawking and Pi",429247330,1479168654,2022-03-14T19:31:46.255115-07:00,2022-03-17T22:41:51.251758-07:00,"Future of cities, Health Care",Medicine,,,,,,,,,,,,,,,,,,
xqjOzXJo,"Gödel‘s Incompleteness, Halting Problem & MRDP Theorem",429247330,1479168654,2022-03-14T12:01:09.303675-07:00,2022-03-15T20:49:21.010894-07:00,QP Event,Others,,,,,,,,,,,,,,,,,,
xlOdepWJ,Ethics & Free Will w/ Peter Voss,429247330,1473228756,2022-03-12T18:58:24.867614-08:00,2022-03-14T22:30:58.617115-07:00,"Albert Einstein, Stepthen Hawking, Pi",Physics,,,,,,,,,,,,,,,,,,
MOv8VGN6,DUV and EUV Lithography w/ Jaiyam,429247330,1479168654,2022-03-11T19:02:58.616077-08:00,2022-03-14T14:35:22.721675-07:00,"Godel's Incompleteness, Halting problem, MRDP Theorem",Mathematics,,,,,,,,,,,,,,,,,,
xBRj8a2w,Women in STEMM Who Changed the World Part 2,429247330,1473228756,2022-03-10T18:59:05.724189-08:00,2022-03-12T21:30:03.491614-08:00,"Ethics, Free Will",Philosophy,,,,,,,,,,,,,,,,,,
M8ZG0L61,"Spin, Statistics, Spacetime & Quantum Gravity w/ Prof.Vlatko",429247330,1479168654,2022-03-10T12:57:46.713756-08:00,2022-03-11T21:57:00.258077-08:00,"DUV, EUV, Lighography",Physics,,,,,,,,,,,,,,,,,,
xnajEae1,A New Equation for Ethical AI w/ Matthew Bailey,429247330,3158160,2022-03-09T18:55:37.583274-08:00,2022-03-10T20:56:00.081189-08:00,"Women, STEMM ",STEMM,,,,,,,,,,,,,,,,,,
PGo3ao0D,The Evolution of Menstruation,429247330,1722010237,2022-03-08T19:01:09.059488-08:00,2022-03-10T15:10:50.073756-08:00,"Spin, Statistics, Spacetime, Quantum Gravity",Physics,,,,,,,,,,,,,,,,,,
myWg0yda,Women In STEMM Who Changed The World,429247330,1473228756,2022-03-08T13:00:49.271610-08:00,2022-03-09T22:49:08.356274-08:00,Ethical AI,Technology,,,,,,,,,,,,,,,,,,
MwnK42Nb,Neuroplasticity: Circumstances for Brain Change,429247330,2106304524,2022-03-07T18:56:42.150063-08:00,2022-03-08T20:31:17.443488-08:00,,,,,,,,,,,,,,,,,,,,
MzAb8rr9,AMA on Artificial General Intelligence w/ AGI CEO Peter Voss,429247330,1473228756,2022-03-05T18:58:20.122753-08:00,2022-03-08T15:40:35.191610-08:00,"Women, STEMM ",STEMM,,,,,,,,,,,,,,,,,,
xqaa1kNp,What’s up in Emerging Tech?,429247330,1479168654,2022-03-04T19:02:41.569093-08:00,2022-03-07T21:06:45.499063-08:00,Neuroplasticity,Medicine,,,,,,,,,,,,,,,,,,
xkjdqjGP,Uncertainty Principle Interpretation w/ Hansen,429247330,453435399,2022-03-03T18:55:35.971049-08:00,2022-03-05T20:43:46.778753-08:00,"AMA, Artifical Central Intelligence",Technology,,,,,,,,,,,,,,,,,,
PYl8X413,"Zoltan Istvan, transhumanist & futurist, visits QP",429247330,1685519650,2022-03-02T18:57:26.225191-08:00,2022-03-04T21:01:31.382093-08:00,Emerging Tech,Technology,,,,,,,,,,,,,,,,,,
PYnp1KYn,A Little Bit of Transhumanism - a pre party,429247330,1685519650,2022-03-02T17:50:45.186042-08:00,2022-03-03T22:42:20.856049-08:00,Uncertainty Principle Interpretation,Physics,,,,,,,,,,,,,,,,,,
myYgw8an,Sensors and Radiometry for Satellite Imaging w/ Creon,429247330,1479168654,2022-03-01T18:58:21.685351-08:00,2022-03-02T19:57:31.750191-08:00,Transhumanism,Philosophy,,,,,,,,,,,,,,,,,,
PYJk2jKE,Connection and Technology  Language - Boundaries - Systems,429247330,2106304524,2022-02-28T18:56:14.618594-08:00,2022-03-02T19:31:36.962042-08:00,Transhumanism,Philosophy,,,,,,,,,,,,,,,,,,
mWKdE9oB,The Why of Menstruation,429247330,1722010237,2022-02-28T09:30:07.167883-08:00,2022-03-01T21:07:35.327351-08:00,"Sensors, Radiometry, Statellite imaging",Physics,,,,,,,,,,,,,,,,,,
xpXrRog9,Artificial Horizons in AI - the hope and the hype,429247330,1473228756,2022-02-26T18:56:22.095185-08:00,2022-02-28T20:48:43.332594-08:00,"Technology, Systems",Technology,,,,,,,,,,,,,,,,,,
PbJb4bGb,"Quantum Cascade: Federico Capasso, Harvard Prof,QCL Inventor",429247330,1276865457,2022-02-25T10:58:27.290134-08:00,2022-02-28T10:00:45.289883-08:00,,,,,,,,,,,,,,,,,,,,
M1wGbjyQ,The Einstein-Bohr Debate & The 1927 Solvay Conference,429247330,1473228756,2022-02-24T18:58:34.733799-08:00,2022-02-26T21:18:31.012185-08:00,AI,Technology,,,,,,,,,,,,,,,,,,
my6dnWGO,Metasurfaces Embracing a Phase Change,429247330,1473228756,2022-02-23T18:58:12.978526-08:00,2022-02-25T13:02:44.484134-08:00,Quantum,Physics,,,,,,,,,,,,,,,,,,
PG41D73O,Photonic Integrated Circuits,429247330,1479168654,2022-02-22T19:01:05.885104-08:00,2022-02-24T21:29:11.319799-08:00,"The Einstein-Bohr Debate, Solvary Conference",Physics,,,,,,,,,,,,,,,,,,
xkol17zD,Brain 🧠 Computer Interface&machine learning w/ Avinash Singh,429247330,2106304524,2022-02-21T18:51:00.181769-08:00,2022-02-23T21:33:34.855526-08:00,Metasurfaces,Physics,,,,,,,,,,,,,,,,,,
MR3671L8,"What is AGI, and do we get there? w/ AI CEO Peter Voss",429247330,1473228756,2022-02-19T18:58:37.795992-08:00,2022-02-22T21:15:35.111104-08:00,Photonic integrated circuits,Physics,,,,,,,,,,,,,,,,,,
xlj9Jq7w,Metasurfaces and Flat Optics,429247330,191617298,2022-02-17T18:59:34.023963-08:00,2022-02-21T20:49:49.418769-08:00,"Brain Computer Interface, Machine Learning",Engineering,,,,,,,,,,,,,,,,,,
xlyA6GVz,Ask Me About Anything: WOMEN In TECH & STEMM,429247330,1479168654,2022-02-16T19:00:12.228764-08:00,2022-02-19T21:51:23.661992-08:00,AGI,Technology,,,,,,,,,,,,,,,,,,
P9WOoKAO,"So, what’s new in Neuralink?",429247330,1473228756,2022-02-15T18:58:29.411235-08:00,2022-02-17T21:46:32.412963-08:00,Flat Optics,Physics,,,,,,,,,,,,,,,,,,
P0ARGb1N,Cranial Window and Head Plate implantation with Wisam Reid,429247330,2106304524,2022-02-14T19:00:15.159813-08:00,2022-02-16T22:11:35.662764-08:00,"WOMEN, TECH ",STEMM,,,,,,,,,,,,,,,,,,
PvR406JX,Happy Hour: Share your favorite STEM poems and quotations,429247330,1473228756,2022-02-12T18:59:53.086647-08:00,2022-02-15T23:58:42.189235-08:00,Neuralink,Neuroscience,,,,,,,,,,,,,,,,,,
m2YXeQD8,Ultra Fast Fiber Lasers & Their Applications,429247330,1473228756,2022-02-12T09:59:38.170835-08:00,2022-02-14T21:03:15.681813-08:00,"Cranial Window, Head Plate implantation","Physics, Medicine",,,,,,,,,,,,,,,,,,
xe667253,A primer:following paths of protons and electrons in biology,429247330,902139873,2022-02-11T18:58:25.648971-08:00,2022-02-12T20:08:21.032647-08:00,QP Event,Others,,,,,,,,,,,,,,,,,,
M8dYrrAM,"The Quantum Indians: C.V. Raman, S.N. Bose, & Meghnad Saha",429247330,1473228756,2022-02-10T19:00:14.288009-08:00,2022-02-12T12:43:22.660835-08:00,"Ultra Fast Fiber Lasers, Applications",Physics,,,,,,,,,,,,,,,,,,
m2Ylp4B6,After party: Gut - Brain interactions,429247330,429125952,2022-02-09T18:59:21.720853-08:00,2022-02-11T22:07:22.629971-08:00,"Protons, Electrons ,Biology",Biology,,,,,,,,,,,,,,,,,,
PD8qn0ab,Dr Bohórquez: Gut sensor for sugar preference,429247330,429125952,2022-02-09T14:45:46.810251-08:00,2022-02-10T20:52:50.405009-08:00,Quantum,Physics,,,,,,,,,,,,,,,,,,
xoQqXbbY,Dr Madureira: Mitochondrial / Mitophagy defects in Parkinson,429247330,429125952,2022-02-09T09:56:08.603287-08:00,2022-02-09T19:52:03.256853-08:00,Brain interactions,Neuroscience,,,,,,,,,,,,,,,,,,
mJzoyaab,News: Innovations for solving climate change,429247330,429125952,2022-02-08T18:57:28.242428-08:00,2022-02-09T16:00:12.346251-08:00,"Gut Sensor, Sugar Preference",Biology,,,,,,,,,,,,,,,,,,
xLAya8B6,BRAIN REGENERATION w/ JEAN HEBERT,429247330,2106304524,2022-02-07T19:00:51.348001-08:00,2022-02-09T11:42:06.960287-08:00,"Mitochondrial, Mitophagy defects in Parkinson",Medicine,,,,,,,,,,,,,,,,,,
mWO6gzjy,Can Sci-fi change our behavior towards climate change?,429247330,429125952,2022-02-05T18:57:43.159134-08:00,2022-02-08T21:06:27.356428-08:00,Climate Change,Science,,,,,,,,,,,,,,,,,,
PvRZgreJ,How does water work in our cells?,429247330,902139873,2022-02-04T18:59:13.908610-08:00,2022-02-07T20:20:53.481001-08:00,BRAIN REGENERATION,Neuroscience,,,,,,,,,,,,,,,,,,
xq7zDAE4,Dr Siyuan:Search for isotropic Gravitational Wave Background,429247330,429125952,2022-02-02T18:52:29.164492-08:00,2022-02-05T21:52:59.831134-08:00,"Sci-fi, Climate change",Science,,,,,,,,,,,,,,,,,,
Mdj9aNOR,Dr. Chen: How the brain understands sensory information,429247330,429125952,2022-02-02T16:55:12.394386-08:00,2022-02-04T22:48:01.780610-08:00,"Water, Cells",Biology,,,,,,,,,,,,,,,,,,
M1zqrVz1,Dr. Kraft: Oxygen in the dark producing microbes,429247330,429125952,2022-02-02T09:55:42.436668-08:00,2022-02-02T21:02:40.812492-08:00,Gravitational Wave,Physics,,,,,,,,,,,,,,,,,,
m24ZEX4x,How to Start a New Country/ cloud state on the blockchain ☁️,429247330,2007096293,2022-02-01T18:59:56.964949-08:00,2022-02-02T18:55:41.428386-08:00,"Brain, Sensory",Neuroscience,,,,,,,,,,,,,,,,,,
xXoVy4KW,The Predictive Mind,429247330,2106304524,2022-01-31T18:52:52.958842-08:00,2022-02-02T11:01:43.694668-08:00,"Oxygwn, Microbes",Biology,,,,,,,,,,,,,,,,,,
PDOyewb6,Research in time-resolved bioinorganic chemistry,429247330,902139873,2022-01-29T19:00:00.421302-08:00,2022-02-01T22:48:13.070949-08:00,Blockchain,Technology,,,,,,,,,,,,,,,,,,
mawrpEdK,Deterministic photonic quantum computation: a Stanford study,429247330,1473228756,2022-01-27T18:58:09.651173-08:00,2022-01-31T22:14:36.467842-08:00,,,,,,,,,,,,,,,,,,,,
PAXgO2n1,Gravitational waves pre-party,429247330,429125952,2022-01-27T07:58:31.214003-08:00,2022-01-29T21:55:47.962302-08:00,Bioinorganic Chemistry,Bioinorganic Chemistry,,,,,,,,,,,,,,,,,,
M16q9Gny,Dr. Belsky: DNA methylation biomarker of the pace of aging,429247330,429125952,2022-01-26T18:54:18.050519-08:00,2022-01-27T20:27:17.853173-08:00,Photonic quantum computation,"Physics, Technology",,,,,,,,,,,,,,,,,,
PD47nVka,Dr. Armani: nanodevice sense/alter cellbioelectric field,429247330,429125952,2022-01-26T09:56:39.538346-08:00,2022-01-27T09:21:04.750003-08:00,Gravitational waves,Physics,,,,,,,,,,,,,,,,,,
xoeVEreo,Are politics biological/ personality based? Manipulatable?🥺🤯,429247330,2007096293,2022-01-25T19:00:26.766044-08:00,2022-01-26T20:26:43.138519-08:00,"DNA Methylation, Pace of Aging",Biology,,,,,,,,,,,,,,,,,,
M6jBB35n,"Cyborgs, AI, & Metaverse: The World’s Most Advanced Cyborg",429247330,1473228756,2022-01-24T18:58:11.036851-08:00,2022-01-26T11:23:22.972346-08:00,"nanodevice sense, alter cellbioelectric field",Biology,,,,,,,,,,,,,,,,,,
PGX84Edv,Plant Microbial interactions,429247330,902139873,2022-01-22T18:53:08.654112-08:00,2022-01-25T21:08:15.630044-08:00,"Politics, Biological, Personality, Manipulatable",Politics,,,,,,,,,,,,,,,,,,
PNbNarEG,AI + IoT + Edge Computing: Trends in January 2022,429247330,1473228756,2022-01-21T18:58:27.594866-08:00,2022-01-24T23:17:33.788851-08:00,"Cyborgs, AI, & Metaverse, Cyborg",Technology,,,,,,,,,,,,,,,,,,
P9z5lYNo,Happy Hour,429247330,429125952,2022-01-20T18:59:06.410547-08:00,2022-01-22T21:52:05.870112-08:00,Microbial,Biology,,,,,,,,,,,,,,,,,,
MR37bN23,Cosmological Geometries,429247330,1722010237,2022-01-20T08:49:24.749695-08:00,2022-01-21T20:38:37.940866-08:00,AI+IoT+Edge Computing,Technology,,,,,,,,,,,,,,,,,,
MzDoR7Aa,Dr. Usher University College London: Cognition study,429247330,429125952,2022-01-19T09:56:03.186117-08:00,2022-01-20T19:55:18.100547-08:00,QP Event,Others,,,,,,,,,,,,,,,,,,
PAd5orwR,AI fighter pilots and OODA loops discussion,429247330,429125952,2022-01-18T19:01:26.083103-08:00,2022-01-20T10:21:26.925695-08:00,Cosmological Geometrics,Cosmological Geometrics,,,,,,,,,,,,,,,,,,
xXDpOz72,Brain modification and Life extension with Jean Hebert,429247330,2106304524,2022-01-18T09:46:14.976243-08:00,2022-01-19T11:46:30.002117-08:00,Cognition,Science,,,,,,,,,,,,,,,,,,
PGvjb3pv,Synchronicity: Shift from victim to creator,429247330,3155568,2022-01-18T06:56:27.564444-08:00,2022-01-18T21:46:13.165103-08:00,,,,,,,,,,,,,,,,,,,,
PvjbEAvX,Brain / Human Engineering - Futurism,429247330,2106304524,2022-01-17T18:54:30.544550-08:00,2022-01-18T13:58:01.856243-08:00,Brain Modification & Life Extension,Medicine,,,,,,,,,,,,,,,,,,
mZq47zBA,Science News: Evolution theory challenged and more,429247330,429125952,2022-01-14T19:00:13.697802-08:00,2022-01-18T08:57:20.428444-08:00,"Synchronicity, Victim, Creator",Psychology,,,,,,,,,,,,,,,,,,
xVOvb1yj,First Self-Replicating Xenobots with Dr Bongard and Dr Levin,429247330,429125952,2022-01-13T15:50:06.265841-08:00,2022-01-17T22:10:32.165550-08:00,"Brain, Human Engineering, Futurism","Neuroscience, Engineering",,,,,,,,,,,,,,,,,,
MwJgeQlO,PreParty “Global Brain” Howard Bloom and “Xenobots”,429247330,429125952,2022-01-12T19:00:22.373315-08:00,2022-01-14T23:21:05.366802-08:00,Evolution Theory,Biology,,,,,,,,,,,,,,,,,,
xo2vldoo,"How we build reality, open discussion. 🧠🌍🧲⚛️☯️♥️",429247330,2106304524,2022-01-11T18:59:27.028548-08:00,2022-01-13T17:42:10.041841-08:00,Xenobots,Science,,,,,,,,,,,,,,,,,,
xoQoWq88,Science News,429247330,1473228756,2022-01-10T19:00:22.737279-08:00,2022-01-12T21:34:06.309315-08:00,Xenobots,Science,,,,,,,,,,,,,,,,,,
xlOjjL3q,2021 Review✌️& 2022 Preview💡,429247330,429125952,2022-01-08T19:00:46.764186-08:00,2022-01-11T23:09:33.108548-08:00,Reality,Psychology,,,,,,,,,,,,,,,,,,
xBRVY4eY,Quantum Computing: Hardware & Algorithm to watch in 2022,429247330,1473228756,2022-01-07T18:58:35.721434-08:00,2022-01-10T22:22:36.134279-08:00,Science,Science,,,,,,,,,,,,,,,,,,
xV6OORYO,Meet author Dr. Rasenick: Biomarker depression identified,429247330,506161,2022-01-05T18:56:13.067821-08:00,2022-01-08T20:46:16.577186-08:00,QP Event,Others,,,,,,,,,,,,,,,,,,
my48lv3a,🕷Spider-Man no way home & multiverse theory discussion 🏠 🌌,429247330,2007096293,2022-01-04T19:01:09.891015-08:00,2022-01-07T21:23:27.049434-08:00,Quantum Computing,Physics,,,,,,,,,,,,,,,,,,
xBZNg9Ow,The Futurist - Neural Networks,429247330,2106304524,2022-01-03T18:53:02.485050-08:00,2022-01-05T20:13:06.400821-08:00,Depression,"Medicine, Biology",,,,,,,,,,,,,,,,,,
M6GRd52n,"Sync and flow, starting from wholeness in the new year",429247330,3155568,2022-01-03T07:01:37.610213-08:00,2022-01-04T20:48:15.427015-08:00,Multiverse Theory,Science,,,,,,,,,,,,,,,,,,
xkrzX3R1,Matrix 4! 🐇 🕳 Judge on its own merits plz 🙏🎥😎🥄 review 🤔🐑 🍿,429247330,2007096293,2021-12-28T19:00:21.182557-08:00,2022-01-03T22:33:18.058050-08:00,Future,Science,,,,,,,,,,,,,,,,,,
PDy96pG4,Physicists Discover New Type of Sound Wave w author Dr Wang,429247330,429125952,2021-12-22T18:52:23.168034-08:00,2022-01-03T08:40:54.602213-08:00,Sync and flow,Science,,,,,,,,,,,,,,,,,,
MOg6Vy5M,Matrix trilogy review! 🥄,429247330,2007096293,2021-12-21T19:00:53.818638-08:00,2021-12-28T23:16:39.123557-08:00,Matrix 4,Science,,,,,,,,,,,,,,,,,,
mywJnbdW,AI Reveals Unknown Cell Components w/ author Dr. Qin,429247330,429125952,2021-12-18T18:58:24.111252-08:00,2021-12-22T20:56:23.445034-08:00,Sound Wave,Physics,,,,,,,,,,,,,,,,,,
xoNL13Yo,"Controversial News in Bio, Longevity, and The Metaverse",429247330,1473228756,2021-12-17T19:00:00.376090-08:00,2021-12-21T21:10:32.250638-08:00,Matrix trilogy,Science,,,,,,,,,,,,,,,,,,
MR6wav8E,Meet Dr. Smith who developed high resolution brain imaging,429247330,429125952,2021-12-16T18:57:18.114474-08:00,2021-12-18T20:46:59.268252-08:00,"AI, Cell Components ","Technology, Biology",,,,,,,,,,,,,,,,,,
PrWr05oO,Science News,429247330,429125952,2021-12-15T19:00:32.190877-08:00,2021-12-17T21:31:26.029090-08:00,"Bio, Longevity, The Metaverse","Biology, Technology",,,,,,,,,,,,,,,,,,
mWLW009L,Deep red light improves eyesight w author Dr. Jeffrey,429247330,429125952,2021-12-15T08:55:26.271594-08:00,2021-12-16T20:36:32.418474-08:00,Brain imaging,Neuroscience,,,,,,,,,,,,,,,,,,
Pr1J91E6,Frank Herbert’s Dune sci-fi talk! 🎥🍿🌘🌔🪱🛸👽,429247330,1614888103,2021-12-14T19:00:10.749040-08:00,2021-12-15T20:18:35.582877-08:00,Science,Science,,,,,,,,,,,,,,,,,,
xebOBWnd,Synchronicity: a path of Self-Love,429247330,3155568,2021-12-13T07:01:19.141365-08:00,2021-12-15T10:50:04.991594-08:00,"Deep red light, Eyesight ",Medicine,,,,,,,,,,,,,,,,,,
PGEj6ny2,John von Neumann,429247330,1473228756,2021-12-11T18:59:31.251579-08:00,2021-12-14T20:37:01.159040-08:00,Sci-Fi,Science,,,,,,,,,,,,,,,,,,
mWOWanDY,This Week in Quantum Computing and AI,429247330,1473228756,2021-12-10T18:58:10.369580-08:00,2021-12-13T08:54:04.261365-08:00,,,,,,,,,,,,,,,,,,,,
ME6DbjRy,Researchers Read a Jellyfish’s Mind w author Dr Weissbourd,429247330,1093735977,2021-12-09T18:54:18.296793-08:00,2021-12-11T21:11:25.043579-08:00,John von Neumann,STEM,,,,,,,,,,,,,,,,,,
xpYjRvXO,Boosting Brain Waves Improves Memory meet author Dr Addante,429247330,429125952,2021-12-08T18:55:49.922636-08:00,2021-12-10T21:03:30.518580-08:00,"Quantum Computing, AI",Technology,,,,,,,,,,,,,,,,,,
Mwalb93A,"The future of Human Mind : AI, Metaverse and Evolution",429247330,2106304524,2021-12-06T18:59:17.147405-08:00,2021-12-09T20:42:46.008793-08:00,Jellyfish’s Mind,Biology,,,,,,,,,,,,,,,,,,
mWVNyyY6,Staying Ahead of Omicron & Other Variants w/ Alex Hoekstra,429247330,1473228756,2021-12-04T19:00:13.359384-08:00,2021-12-08T21:15:20.759636-08:00,"Brain Waves, Memory ",Neuroscience,,,,,,,,,,,,,,,,,,
M5Y7n3j4,News from Mars to Metaverse,429247330,429125952,2021-12-03T19:21:17.077727-08:00,2021-12-06T21:20:55.749405-08:00,"Future, AI, Metaverse and Evolution",Technology,,,,,,,,,,,,,,,,,,
MwJ4EjbO,Science News,429247330,429125952,2021-12-01T19:00:12.554358-08:00,2021-12-04T21:01:12.239384-08:00,Omicron & Other Variants,Medicine,,,,,,,,,,,,,,,,,,
MKvNAndE,Foundation sci fi talk! Isaac Asimov novels to 🍎📺+ now QP/ch,429247330,2007096293,2021-11-30T18:58:37.474089-08:00,2021-12-03T20:57:06.175727-08:00,"Mars, Metaverse",Technology,,,,,,,,,,,,,,,,,,
MEzEaJdv,Simulation Theory and the future of humans,429247330,2106304524,2021-11-29T18:55:38.814895-08:00,2021-12-01T20:29:31.295358-08:00,Science,Science,,,,,,,,,,,,,,,,,,
MwWZOa0Q,Finding the Flow Path,429247330,3155568,2021-11-29T07:01:11.575248-08:00,2021-11-30T21:34:47.650089-08:00,sci fi,Science,,,,,,,,,,,,,,,,,,
MOpq7RLX,Quantum Photonics Happy Hour,429247330,1479168654,2021-11-27T19:01:39.341081-08:00,2021-11-29T23:46:18.899895-08:00,"Simulation Theory, Future of humans",Science,,,,,,,,,,,,,,,,,,
xqnAY0od,MIT Gets Quantum Dots to Stop Blinking,429247330,5598189,2021-11-26T19:56:01.194246-08:00,2021-11-29T09:01:57.527248-08:00,Flow Path,Science,,,,,,,,,,,,,,,,,,
m71aAoW1,Meet Dr. Woodward: magnetic field affecting living cells,429247330,429125952,2021-11-25T18:58:25.886499-08:00,2021-11-27T21:10:08.738081-08:00,QP Event,Others,,,,,,,,,,,,,,,,,,
M1L8Zzvp,Data dignity? MIDs? Will data unions make a better future?🤔🤯,429247330,2007096293,2021-11-23T19:00:31.480304-08:00,2021-11-26T20:33:28.212246-08:00,"Quantum Dots, Blinking",Physics,,,,,,,,,,,,,,,,,,
maWnN29v,Science news,429247330,429125952,2021-11-22T19:01:33.546909-08:00,2021-11-25T20:47:13.459499-08:00,"Magnetic field, living cells",Biology,,,,,,,,,,,,,,,,,,
xkLlyG6K,"Wholeness in the brain: Pribram, Bohm, Kurzweil",429247330,3155568,2021-11-22T06:59:38.474130-08:00,2021-11-23T22:14:31.177877-08:00,"Data dignity, MIDs, Data unions, Future",Technology,,,,,,,,,,,,,,,,,,
xerg7R8d,“The Quantum Death of the Blockchain?”,429247330,1473228756,2021-11-20T19:00:10.652352-08:00,2021-11-22T20:29:02.972361-08:00,Science,Science,,,,,,,,,,,,,,,,,,
xlbQ8a14,Quantum Photonics Happy hour,429247330,1473228756,2021-11-18T18:59:44.321374-08:00,2021-11-22T09:10:26.843541-08:00,Brain,Neuroscience,,,,,,,,,,,,,,,,,,
xeRlXqvE,SfN 50th Neuroscience conference highlights,429247330,429125952,2021-11-17T19:02:18.170286-08:00,2021-11-20T21:32:10.964587-08:00,"Quantum, Blockchain",Technology,,,,,,,,,,,,,,,,,,
ma6WOGEK,Metaverse: AR pioneer warns it distort reality to new level,429247330,2007096293,2021-11-16T19:00:15.004392-08:00,2021-11-18T22:59:08.503626-08:00,QP Event,Others,,,,,,,,,,,,,,,,,,
MEbLwrdp,Synchronicity and healing as a way of life,429247330,3155568,2021-11-16T07:00:46.202340-08:00,2021-11-17T20:36:56.072398-08:00,Neuroscience,Neuroscience,,,,,,,,,,,,,,,,,,
xjreL380,Science news,429247330,429125952,2021-11-15T19:02:02.746535-08:00,2021-11-17T00:18:02.067513-08:00,"Metaverse, AR",Technology,,,,,,,,,,,,,,,,,,
mW6Ny0lL,Richard P. Feynman,429247330,1473228756,2021-11-13T18:59:52.882592-08:00,2021-11-16T08:57:43.243131-08:00,"Synchronicity, Healing, Life ",Science,,,,,,,,,,,,,,,,,,
PNj88O2w,Quantum Photonics Happy Hour,429247330,1473228756,2021-11-12T19:00:39.924436-08:00,2021-11-15T20:51:28.797494-08:00,Science,Science,,,,,,,,,,,,,,,,,,
,,,,,,,,,,,,,,,,,,,,,,,,,
,,,,,,,,,,,,,,,,,,,,,,,,,
,,,,,,,,,,,,,,,,,,,,,,,,,
,,,,,,,,,,,,,,,,,,,,,,,,,
,,,,,,,,,,,,,,,,,,,,,,,,,
,,,,,,,,,,,,,,,,,,,,,,,,,
,,,,,,,,,,,,,,,,,,,,,,,,,
,,,,,,,,,,,,,,,,,,,,,,,,,
,,,,,,,,,,,,,,,,,,,,,,,,,
,,,,,,,,,,,,,,,,,,,,,,,,,
,,,,,,,,,,,,,,,,,,,,,,,,,
,,,,,,,,,,,,,,,,,,,,,,,,,
,,,,,,,,,,,,,,,,,,,,,,,,,
,,,,,,,,,,,,,,,,,,,,,,,,,
,,,,,,,,,,,,,,,,,,,,,,,,,
,,,,,,,,,,,,,,,,,,,,,,,,,
,,,,,,,,,,,,,,,,,,,,,,,,,
,,,,,,,,,,,,,,,,,,,,,,,,,
,,,,,,,,,,,,,,,,,,,,,,,,,
,,,,,,,,,,,,,,,,,,,,,,,,,
,,,,,,,,,,,,,,,,,,,,,,,,,
,,,,,,,,,,,,,,,,,,,,,,,,,
,,,,,,,,,,,,,,,,,,,,,,,,,
,,,,,,,,,,,,,,,,,,,,,,,,,
,,,,,,,,,,,,,,,,,,,,,,,,,
,,,,,,,,,,,,,,,,,,,,,,,,,
,,,,,,,,,,,,,,,,,,,,,,,,,
,,,,,,,,,,,,,,,,,,,,,,,,,
,,,,,,,,,,,,,,,,,,,,,,,,,
,,,,,,,,,,,,,,,,,,,,,,,,,
,,,,,,,,,,,,,,,,,,,,,,,,,
,,,,,,,,,,,,,,,,,,,,,,,,,
,,,,,,,,,,,,,,,,,,,,,,,,,
,,,,,,,,,,,,,,,,,,,,,,,,,
,,,,,,,,,,,,,,,,,,,,,,,,,
,,,,,,,,,,,,,,,,,,,,,,,,,
,,,,,,,,,,,,,,,,,,,,,,,,,
,,,,,,,,,,,,,,,,,,,,,,,,,
,,,,,,,,,,,,,,,,,,,,,,,,,
,,,,,,,,,,,,,,,,,,,,,,,,,
,,,,,,,,,,,,,,,,,,,,,,,,,
,,,,,,,,,,,,,,,,,,,,,,,,,
,,,,,,,,,,,,,,,,,,,,,,,,,
,,,,,,,,,,,,,,,,,,,,,,,,,
,,,,,,,,,,,,,,,,,,,,,,,,,
,,,,,,,,,,,,,,,,,,,,,,,,,
,,,,,,,,,,,,,,,,,,,,,,,,,
,,,,,,,,,,,,,,,,,,,,,,,,,
,,,,,,,,,,,,,,,,,,,,,,,,,
,,,,,,,,,,,,,,,,,,,,,,,,,
,,,,,,,,,,,,,,,,,,,,,,,,,
,,,,,,,,,,,,,,,,,,,,,,,,,
,,,,,,,,,,,,,,,,,,,,,,,,,
,,,,,,,,,,,,,,,,,,,,,,,,,
,,,,,,,,,,,,,,,,,,,,,,,,,
,,,,,,,,,,,,,,,,,,,,,,,,,
,,,,,,,,,,,,,,,,,,,,,,,,,
,,,,,,,,,,,,,,,,,,,,,,,,,
,,,,,,,,,,,,,,,,,,,,,,,,,
,,,,,,,,,,,,,,,,,,,,,,,,,
,,,,,,,,,,,,,,,,,,,,,,,,,
,,,,,,,,,,,,,,,,,,,,,,,,,
,,,,,,,,,,,,,,,,,,,,,,,,,
,,,,,,,,,,,,,,,,,,,,,,,,,
,,,,,,,,,,,,,,,,,,,,,,,,,
,,,,,,,,,,,,,,,,,,,,,,,,,
,,,,,,,,,,,,,,,,,,,,,,,,,
,,,,,,,,,,,,,,,,,,,,,,,,,
,,,,,,,,,,,,,,,,,,,,,,,,,
,,,,,,,,,,,,,,,,,,,,,,,,,
,,,,,,,,,,,,,,,,,,,,,,,,,
,,,,,,,,,,,,,,,,,,,,,,,,,
,,,,,,,,,,,,,,,,,,,,,,,,,
,,,,,,,,,,,,,,,,,,,,,,,,,
,,,,,,,,,,,,,,,,,,,,,,,,,
,,,,,,,,,,,,,,,,,,,,,,,,,
,,,,,,,,,,,,,,,,,,,,,,,,,
,,,,,,,,,,,,,,,,,,,,,,,,,
,,,,,,,,,,,,,,,,,,,,,,,,,
,,,,,,,,,,,,,,,,,,,,,,,,,
,,,,,,,,,,,,,,,,,,,,,,,,,
,,,,,,,,,,,,,,,,,,,,,,,,,
,,,,,,,,,,,,,,,,,,,,,,,,,
,,,,,,,,,,,,,,,,,,,,,,,,,
,,,,,,,,,,,,,,,,,,,,,,,,,
,,,,,,,,,,,,,,,,,,,,,,,,,
,,,,,,,,,,,,,,,,,,,,,,,,,
,,,,,,,,,,,,,,,,,,,,,,,,,
,,,,,,,,,,,,,,,,,,,,,,,,,
,,,,,,,,,,,,,,,,,,,,,,,,,
,,,,,,,,,,,,,,,,,,,,,,,,,
,,,,,,,,,,,,,,,,,,,,,,,,,
,,,,,,,,,,,,,,,,,,,,,,,,,
,,,,,,,,,,,,,,,,,,,,,,,,,
,,,,,,,,,,,,,,,,,,,,,,,,,
,,,,,,,,,,,,,,,,,,,,,,,,,
,,,,,,,,,,,,,,,,,,,,,,,,,
,,,,,,,,,,,,,,,,,,,,,,,,,
,,,,,,,,,,,,,,,,,,,,,,,,,
,,,,,,,,,,,,,,,,,,,,,,,,,
,,,,,,,,,,,,,,,,,,,,,,,,,
,,,,,,,,,,,,,,,,,,,,,,,,,
,,,,,,,,,,,,,,,,,,,,,,,,,
,,,,,,,,,,,,,,,,,,,,,,,,,
,,,,,,,,,,,,,,,,,,,,,,,,,
,,,,,,,,,,,,,,,,,,,,,,,,,
,,,,,,,,,,,,,,,,,,,,,,,,,
,,,,,,,,,,,,,,,,,,,,,,,,,
,,,,,,,,,,,,,,,,,,,,,,,,,
,,,,,,,,,,,,,,,,,,,,,,,,,
,,,,,,,,,,,,,,,,,,,,,,,,,
,,,,,,,,,,,,,,,,,,,,,,,,,
,,,,,,,,,,,,,,,,,,,,,,,,,
,,,,,,,,,,,,,,,,,,,,,,,,,
,,,,,,,,,,,,,,,,,,,,,,,,,
,,,,,,,,,,,,,,,,,,,,,,,,,
,,,,,,,,,,,,,,,,,,,,,,,,,
,,,,,,,,,,,,,,,,,,,,,,,,,
,,,,,,,,,,,,,,,,,,,,,,,,,
,,,,,,,,,,,,,,,,,,,,,,,,,
,,,,,,,,,,,,,,,,,,,,,,,,,
,,,,,,,,,,,,,,,,,,,,,,,,,
,,,,,,,,,,,,,,,,,,,,,,,,,
,,,,,,,,,,,,,,,,,,,,,,,,,
,,,,,,,,,,,,,,,,,,,,,,,,,
,,,,,,,,,,,,,,,,,,,,,,,,,
,,,,,,,,,,,,,,,,,,,,,,,,,
,,,,,,,,,,,,,,,,,,,,,,,,,
,,,,,,,,,,,,,,,,,,,,,,,,,
,,,,,,,,,,,,,,,,,,,,,,,,,
,,,,,,,,,,,,,,,,,,,,,,,,,
,,,,,,,,,,,,,,,,,,,,,,,,,
,,,,,,,,,,,,,,,,,,,,,,,,,
,,,,,,,,,,,,,,,,,,,,,,,,,
,,,,,,,,,,,,,,,,,,,,,,,,,
,,,,,,,,,,,,,,,,,,,,,,,,,
,,,,,,,,,,,,,,,,,,,,,,,,,
,,,,,,,,,,,,,,,,,,,,,,,,,
,,,,,,,,,,,,,,,,,,,,,,,,,
,,,,,,,,,,,,,,,,,,,,,,,,,
,,,,,,,,,,,,,,,,,,,,,,,,,
,,,,,,,,,,,,,,,,,,,,,,,,,
,,,,,,,,,,,,,,,,,,,,,,,,,
,,,,,,,,,,,,,,,,,,,,,,,,,
,,,,,,,,,,,,,,,,,,,,,,,,,
,,,,,,,,,,,,,,,,,,,,,,,,,
,,,,,,,,,,,,,,,,,,,,,,,,,
,,,,,,,,,,,,,,,,,,,,,,,,,
,,,,,,,,,,,,,,,,,,,,,,,,,
,,,,,,,,,,,,,,,,,,,,,,,,,
,,,,,,,,,,,,,,,,,,,,,,,,,
,,,,,,,,,,,,,,,,,,,,,,,,,
,,,,,,,,,,,,,,,,,,,,,,,,,
,,,,,,,,,,,,,,,,,,,,,,,,,
,,,,,,,,,,,,,,,,,,,,,,,,,
,,,,,,,,,,,,,,,,,,,,,,,,,
,,,,,,,,,,,,,,,,,,,,,,,,,
,,,,,,,,,,,,,,,,,,,,,,,,,
,,,,,,,,,,,,,,,,,,,,,,,,,
,,,,,,,,,,,,,,,,,,,,,,,,,
,,,,,,,,,,,,,,,,,,,,,,,,,
,,,,,,,,,,,,,,,,,,,,,,,,,
,,,,,,,,,,,,,,,,,,,,,,,,,
,,,,,,,,,,,,,,,,,,,,,,,,,
,,,,,,,,,,,,,,,,,,,,,,,,,
,,,,,,,,,,,,,,,,,,,,,,,,,
,,,,,,,,,,,,,,,,,,,,,,,,,
,,,,,,,,,,,,,,,,,,,,,,,,,
,,,,,,,,,,,,,,,,,,,,,,,,,
,,,,,,,,,,,,,,,,,,,,,,,,,
,,,,,,,,,,,,,,,,,,,,,,,,,
,,,,,,,,,,,,,,,,,,,,,,,,,
,,,,,,,,,,,,,,,,,,,,,,,,,
,,,,,,,,,,,,,,,,,,,,,,,,,
,,,,,,,,,,,,,,,,,,,,,,,,,
,,,,,,,,,,,,,,,,,,,,,,,,,
,,,,,,,,,,,,,,,,,,,,,,,,,
,,,,,,,,,,,,,,,,,,,,,,,,,
,,,,,,,,,,,,,,,,,,,,,,,,,
,,,,,,,,,,,,,,,,,,,,,,,,,
,,,,,,,,,,,,,,,,,,,,,,,,,
,,,,,,,,,,,,,,,,,,,,,,,,,
,,,,,,,,,,,,,,,,,,,,,,,,,
,,,,,,,,,,,,,,,,,,,,,,,,,
,,,,,,,,,,,,,,,,,,,,,,,,,
,,,,,,,,,,,,,,,,,,,,,,,,,
,,,,,,,,,,,,,,,,,,,,,,,,,
,,,,,,,,,,,,,,,,,,,,,,,,,
,,,,,,,,,,,,,,,,,,,,,,,,,
,,,,,,,,,,,,,,,,,,,,,,,,,
,,,,,,,,,,,,,,,,,,,,,,,,,
,,,,,,,,,,,,,,,,,,,,,,,,,
,,,,,,,,,,,,,,,,,,,,,,,,,
,,,,,,,,,,,,,,,,,,,,,,,,,
,,,,,,,,,,,,,,,,,,,,,,,,,
,,,,,,,,,,,,,,,,,,,,,,,,,
,,,,,,,,,,,,,,,,,,,,,,,,,
,,,,,,,,,,,,,,,,,,,,,,,,,
,,,,,,,,,,,,,,,,,,,,,,,,,
,,,,,,,,,,,,,,,,,,,,,,,,,
,,,,,,,,,,,,,,,,,,,,,,,,,
,,,,,,,,,,,,,,,,,,,,,,,,,
,,,,,,,,,,,,,,,,,,,,,,,,,
,,,,,,,,,,,,,,,,,,,,,,,,,
,,,,,,,,,,,,,,,,,,,,,,,,,
,,,,,,,,,,,,,,,,,,,,,,,,,
,,,,,,,,,,,,,,,,,,,,,,,,,
,,,,,,,,,,,,,,,,,,,,,,,,,
,,,,,,,,,,,,,,,,,,,,,,,,,
,,,,,,,,,,,,,,,,,,,,,,,,,
,,,,,,,,,,,,,,,,,,,,,,,,,
,,,,,,,,,,,,,,,,,,,,,,,,,
,,,,,,,,,,,,,,,,,,,,,,,,,
,,,,,,,,,,,,,,,,,,,,,,,,,
,,,,,,,,,,,,,,,,,,,,,,,,,
,,,,,,,,,,,,,,,,,,,,,,,,,
,,,,,,,,,,,,,,,,,,,,,,,,,
,,,,,,,,,,,,,,,,,,,,,,,,,
,,,,,,,,,,,,,,,,,,,,,,,,,
,,,,,,,,,,,,,,,,,,,,,,,,,
,,,,,,,,,,,,,,,,,,,,,,,,,
,,,,,,,,,,,,,,,,,,,,,,,,,
,,,,,,,,,,,,,,,,,,,,,,,,,
,,,,,,,,,,,,,,,,,,,,,,,,,
,,,,,,,,,,,,,,,,,,,,,,,,,
,,,,,,,,,,,,,,,,,,,,,,,,,
,,,,,,,,,,,,,,,,,,,,,,,,,
,,,,,,,,,,,,,,,,,,,,,,,,,
,,,,,,,,,,,,,,,,,,,,,,,,,
,,,,,,,,,,,,,,,,,,,,,,,,,
,,,,,,,,,,,,,,,,,,,,,,,,,
,,,,,,,,,,,,,,,,,,,,,,,,,
,,,,,,,,,,,,,,,,,,,,,,,,,
,,,,,,,,,,,,,,,,,,,,,,,,,
,,,,,,,,,,,,,,,,,,,,,,,,,
,,,,,,,,,,,,,,,,,,,,,,,,,
,,,,,,,,,,,,,,,,,,,,,,,,,
,,,,,,,,,,,,,,,,,,,,,,,,,
,,,,,,,,,,,,,,,,,,,,,,,,,
,,,,,,,,,,,,,,,,,,,,,,,,,
,,,,,,,,,,,,,,,,,,,,,,,,,
,,,,,,,,,,,,,,,,,,,,,,,,,
,,,,,,,,,,,,,,,,,,,,,,,,,
,,,,,,,,,,,,,,,,,,,,,,,,,
,,,,,,,,,,,,,,,,,,,,,,,,,
,,,,,,,,,,,,,,,,,,,,,,,,,
,,,,,,,,,,,,,,,,,,,,,,,,,
,,,,,,,,,,,,,,,,,,,,,,,,,
,,,,,,,,,,,,,,,,,,,,,,,,,
,,,,,,,,,,,,,,,,,,,,,,,,,
,,,,,,,,,,,,,,,,,,,,,,,,,
,,,,,,,,,,,,,,,,,,,,,,,,,
,,,,,,,,,,,,,,,,,,,,,,,,,
,,,,,,,,,,,,,,,,,,,,,,,,,
,,,,,,,,,,,,,,,,,,,,,,,,,
,,,,,,,,,,,,,,,,,,,,,,,,,
,,,,,,,,,,,,,,,,,,,,,,,,,
,,,,,,,,,,,,,,,,,,,,,,,,,
,,,,,,,,,,,,,,,,,,,,,,,,,
,,,,,,,,,,,,,,,,,,,,,,,,,
,,,,,,,,,,,,,,,,,,,,,,,,,
,,,,,,,,,,,,,,,,,,,,,,,,,
,,,,,,,,,,,,,,,,,,,,,,,,,
,,,,,,,,,,,,,,,,,,,,,,,,,
,,,,,,,,,,,,,,,,,,,,,,,,,
,,,,,,,,,,,,,,,,,,,,,,,,,
,,,,,,,,,,,,,,,,,,,,,,,,,
,,,,,,,,,,,,,,,,,,,,,,,,,
,,,,,,,,,,,,,,,,,,,,,,,,,
,,,,,,,,,,,,,,,,,,,,,,,,,
,,,,,,,,,,,,,,,,,,,,,,,,,
,,,,,,,,,,,,,,,,,,,,,,,,,
,,,,,,,,,,,,,,,,,,,,,,,,,
,,,,,,,,,,,,,,,,,,,,,,,,,
,,,,,,,,,,,,,,,,,,,,,,,,,
,,,,,,,,,,,,,,,,,,,,,,,,,
,,,,,,,,,,,,,,,,,,,,,,,,,
,,,,,,,,,,,,,,,,,,,,,,,,,
,,,,,,,,,,,,,,,,,,,,,,,,,
,,,,,,,,,,,,,,,,,,,,,,,,,
,,,,,,,,,,,,,,,,,,,,,,,,,
,,,,,,,,,,,,,,,,,,,,,,,,,
,,,,,,,,,,,,,,,,,,,,,,,,,
,,,,,,,,,,,,,,,,,,,,,,,,,
,,,,,,,,,,,,,,,,,,,,,,,,,
,,,,,,,,,,,,,,,,,,,,,,,,,
,,,,,,,,,,,,,,,,,,,,,,,,,
,,,,,,,,,,,,,,,,,,,,,,,,,
,,,,,,,,,,,,,,,,,,,,,,,,,
,,,,,,,,,,,,,,,,,,,,,,,,,
,,,,,,,,,,,,,,,,,,,,,,,,,
,,,,,,,,,,,,,,,,,,,,,,,,,
,,,,,,,,,,,,,,,,,,,,,,,,,
,,,,,,,,,,,,,,,,,,,,,,,,,
,,,,,,,,,,,,,,,,,,,,,,,,,
,,,,,,,,,,,,,,,,,,,,,,,,,
,,,,,,,,,,,,,,,,,,,,,,,,,
,,,,,,,,,,,,,,,,,,,,,,,,,
,,,,,,,,,,,,,,,,,,,,,,,,,
,,,,,,,,,,,,,,,,,,,,,,,,,
,,,,,,,,,,,,,,,,,,,,,,,,,
,,,,,,,,,,,,,,,,,,,,,,,,,
,,,,,,,,,,,,,,,,,,,,,,,,,
,,,,,,,,,,,,,,,,,,,,,,,,,
,,,,,,,,,,,,,,,,,,,,,,,,,
,,,,,,,,,,,,,,,,,,,,,,,,,
,,,,,,,,,,,,,,,,,,,,,,,,,
,,,,,,,,,,,,,,,,,,,,,,,,,
,,,,,,,,,,,,,,,,,,,,,,,,,
,,,,,,,,,,,,,,,,,,,,,,,,,
,,,,,,,,,,,,,,,,,,,,,,,,,
,,,,,,,,,,,,,,,,,,,,,,,,,
,,,,,,,,,,,,,,,,,,,,,,,,,
,,,,,,,,,,,,,,,,,,,,,,,,,
,,,,,,,,,,,,,,,,,,,,,,,,,
,,,,,,,,,,,,,,,,,,,,,,,,,
,,,,,,,,,,,,,,,,,,,,,,,,,
,,,,,,,,,,,,,,,,,,,,,,,,,
,,,,,,,,,,,,,,,,,,,,,,,,,
,,,,,,,,,,,,,,,,,,,,,,,,,
,,,,,,,,,,,,,,,,,,,,,,,,,
,,,,,,,,,,,,,,,,,,,,,,,,,
,,,,,,,,,,,,,,,,,,,,,,,,,
,,,,,,,,,,,,,,,,,,,,,,,,,
,,,,,,,,,,,,,,,,,,,,,,,,,
,,,,,,,,,,,,,,,,,,,,,,,,,
,,,,,,,,,,,,,,,,,,,,,,,,,
,,,,,,,,,,,,,,,,,,,,,,,,,
,,,,,,,,,,,,,,,,,,,,,,,,,
,,,,,,,,,,,,,,,,,,,,,,,,,
,,,,,,,,,,,,,,,,,,,,,,,,,
,,,,,,,,,,,,,,,,,,,,,,,,,
,,,,,,,,,,,,,,,,,,,,,,,,,
,,,,,,,,,,,,,,,,,,,,,,,,,
,,,,,,,,,,,,,,,,,,,,,,,,,
,,,,,,,,,,,,,,,,,,,,,,,,,
,,,,,,,,,,,,,,,,,,,,,,,,,
,,,,,,,,,,,,,,,,,,,,,,,,,
,,,,,,,,,,,,,,,,,,,,,,,,,
,,,,,,,,,,,,,,,,,,,,,,,,,
,,,,,,,,,,,,,,,,,,,,,,,,,
,,,,,,,,,,,,,,,,,,,,,,,,,
,,,,,,,,,,,,,,,,,,,,,,,,,
,,,,,,,,,,,,,,,,,,,,,,,,,
,,,,,,,,,,,,,,,,,,,,,,,,,
,,,,,,,,,,,,,,,,,,,,,,,,,
,,,,,,,,,,,,,,,,,,,,,,,,,
,,,,,,,,,,,,,,,,,,,,,,,,,
,,,,,,,,,,,,,,,,,,,,,,,,,
,,,,,,,,,,,,,,,,,,,,,,,,,
,,,,,,,,,,,,,,,,,,,,,,,,,
,,,,,,,,,,,,,,,,,,,,,,,,,
,,,,,,,,,,,,,,,,,,,,,,,,,
,,,,,,,,,,,,,,,,,,,,,,,,,
,,,,,,,,,,,,,,,,,,,,,,,,,
,,,,,,,,,,,,,,,,,,,,,,,,,
,,,,,,,,,,,,,,,,,,,,,,,,,
,,,,,,,,,,,,,,,,,,,,,,,,,
,,,,,,,,,,,,,,,,,,,,,,,,,
,,,,,,,,,,,,,,,,,,,,,,,,,
,,,,,,,,,,,,,,,,,,,,,,,,,
,,,,,,,,,,,,,,,,,,,,,,,,,
,,,,,,,,,,,,,,,,,,,,,,,,,
,,,,,,,,,,,,,,,,,,,,,,,,,
,,,,,,,,,,,,,,,,,,,,,,,,,
,,,,,,,,,,,,,,,,,,,,,,,,,
,,,,,,,,,,,,,,,,,,,,,,,,,
,,,,,,,,,,,,,,,,,,,,,,,,,
,,,,,,,,,,,,,,,,,,,,,,,,,
,,,,,,,,,,,,,,,,,,,,,,,,,
,,,,,,,,,,,,,,,,,,,,,,,,,
,,,,,,,,,,,,,,,,,,,,,,,,,
,,,,,,,,,,,,,,,,,,,,,,,,,
,,,,,,,,,,,,,,,,,,,,,,,,,
,,,,,,,,,,,,,,,,,,,,,,,,,
,,,,,,,,,,,,,,,,,,,,,,,,,
,,,,,,,,,,,,,,,,,,,,,,,,,
,,,,,,,,,,,,,,,,,,,,,,,,,
,,,,,,,,,,,,,,,,,,,,,,,,,
,,,,,,,,,,,,,,,,,,,,,,,,,
,,,,,,,,,,,,,,,,,,,,,,,,,
,,,,,,,,,,,,,,,,,,,,,,,,,
,,,,,,,,,,,,,,,,,,,,,,,,,
,,,,,,,,,,,,,,,,,,,,,,,,,
,,,,,,,,,,,,,,,,,,,,,,,,,
,,,,,,,,,,,,,,,,,,,,,,,,,
,,,,,,,,,,,,,,,,,,,,,,,,,
,,,,,,,,,,,,,,,,,,,,,,,,,
,,,,,,,,,,,,,,,,,,,,,,,,,
,,,,,,,,,,,,,,,,,,,,,,,,,
,,,,,,,,,,,,,,,,,,,,,,,,,
,,,,,,,,,,,,,,,,,,,,,,,,,
,,,,,,,,,,,,,,,,,,,,,,,,,
,,,,,,,,,,,,,,,,,,,,,,,,,
,,,,,,,,,,,,,,,,,,,,,,,,,
,,,,,,,,,,,,,,,,,,,,,,,,,
,,,,,,,,,,,,,,,,,,,,,,,,,
,,,,,,,,,,,,,,,,,,,,,,,,,
,,,,,,,,,,,,,,,,,,,,,,,,,
,,,,,,,,,,,,,,,,,,,,,,,,,
,,,,,,,,,,,,,,,,,,,,,,,,,
,,,,,,,,,,,,,,,,,,,,,,,,,
,,,,,,,,,,,,,,,,,,,,,,,,,
,,,,,,,,,,,,,,,,,,,,,,,,,
,,,,,,,,,,,,,,,,,,,,,,,,,
,,,,,,,,,,,,,,,,,,,,,,,,,
,,,,,,,,,,,,,,,,,,,,,,,,,
,,,,,,,,,,,,,,,,,,,,,,,,,
,,,,,,,,,,,,,,,,,,,,,,,,,
,,,,,,,,,,,,,,,,,,,,,,,,,
,,,,,,,,,,,,,,,,,,,,,,,,,
,,,,,,,,,,,,,,,,,,,,,,,,,
,,,,,,,,,,,,,,,,,,,,,,,,,
,,,,,,,,,,,,,,,,,,,,,,,,,
,,,,,,,,,,,,,,,,,,,,,,,,,
,,,,,,,,,,,,,,,,,,,,,,,,,
,,,,,,,,,,,,,,,,,,,,,,,,,
,,,,,,,,,,,,,,,,,,,,,,,,,
,,,,,,,,,,,,,,,,,,,,,,,,,
,,,,,,,,,,,,,,,,,,,,,,,,,
,,,,,,,,,,,,,,,,,,,,,,,,,
,,,,,,,,,,,,,,,,,,,,,,,,,
,,,,,,,,,,,,,,,,,,,,,,,,,
,,,,,,,,,,,,,,,,,,,,,,,,,
,,,,,,,,,,,,,,,,,,,,,,,,,
,,,,,,,,,,,,,,,,,,,,,,,,,
,,,,,,,,,,,,,,,,,,,,,,,,,
,,,,,,,,,,,,,,,,,,,,,,,,,
,,,,,,,,,,,,,,,,,,,,,,,,,
,,,,,,,,,,,,,,,,,,,,,,,,,
,,,,,,,,,,,,,,,,,,,,,,,,,
,,,,,,,,,,,,,,,,,,,,,,,,,
,,,,,,,,,,,,,,,,,,,,,,,,,
,,,,,,,,,,,,,,,,,,,,,,,,,
,,,,,,,,,,,,,,,,,,,,,,,,,
,,,,,,,,,,,,,,,,,,,,,,,,,
,,,,,,,,,,,,,,,,,,,,,,,,,
,,,,,,,,,,,,,,,,,,,,,,,,,
,,,,,,,,,,,,,,,,,,,,,,,,,
,,,,,,,,,,,,,,,,,,,,,,,,,
,,,,,,,,,,,,,,,,,,,,,,,,,
,,,,,,,,,,,,,,,,,,,,,,,,,
,,,,,,,,,,,,,,,,,,,,,,,,,
,,,,,,,,,,,,,,,,,,,,,,,,,
,,,,,,,,,,,,,,,,,,,,,,,,,
,,,,,,,,,,,,,,,,,,,,,,,,,
,,,,,,,,,,,,,,,,,,,,,,,,,
,,,,,,,,,,,,,,,,,,,,,,,,,
,,,,,,,,,,,,,,,,,,,,,,,,,
,,,,,,,,,,,,,,,,,,,,,,,,,
,,,,,,,,,,,,,,,,,,,,,,,,,
,,,,,,,,,,,,,,,,,,,,,,,,,
,,,,,,,,,,,,,,,,,,,,,,,,,
,,,,,,,,,,,,,,,,,,,,,,,,,
,,,,,,,,,,,,,,,,,,,,,,,,,
,,,,,,,,,,,,,,,,,,,,,,,,,
,,,,,,,,,,,,,,,,,,,,,,,,,
,,,,,,,,,,,,,,,,,,,,,,,,,
,,,,,,,,,,,,,,,,,,,,,,,,,
,,,,,,,,,,,,,,,,,,,,,,,,,
,,,,,,,,,,,,,,,,,,,,,,,,,
,,,,,,,,,,,,,,,,,,,,,,,,,
,,,,,,,,,,,,,,,,,,,,,,,,,
,,,,,,,,,,,,,,,,,,,,,,,,,
,,,,,,,,,,,,,,,,,,,,,,,,,
,,,,,,,,,,,,,,,,,,,,,,,,,
,,,,,,,,,,,,,,,,,,,,,,,,,
,,,,,,,,,,,,,,,,,,,,,,,,,
,,,,,,,,,,,,,,,,,,,,,,,,,
,,,,,,,,,,,,,,,,,,,,,,,,,
,,,,,,,,,,,,,,,,,,,,,,,,,
,,,,,,,,,,,,,,,,,,,,,,,,,
,,,,,,,,,,,,,,,,,,,,,,,,,
,,,,,,,,,,,,,,,,,,,,,,,,,
,,,,,,,,,,,,,,,,,,,,,,,,,
,,,,,,,,,,,,,,,,,,,,,,,,,
,,,,,,,,,,,,,,,,,,,,,,,,,
,,,,,,,,,,,,,,,,,,,,,,,,,
,,,,,,,,,,,,,,,,,,,,,,,,,
,,,,,,,,,,,,,,,,,,,,,,,,,
,,,,,,,,,,,,,,,,,,,,,,,,,
,,,,,,,,,,,,,,,,,,,,,,,,,
,,,,,,,,,,,,,,,,,,,,,,,,,
,,,,,,,,,,,,,,,,,,,,,,,,,
,,,,,,,,,,,,,,,,,,,,,,,,,
,,,,,,,,,,,,,,,,,,,,,,,,,
,,,,,,,,,,,,,,,,,,,,,,,,,
,,,,,,,,,,,,,,,,,,,,,,,,,
,,,,,,,,,,,,,,,,,,,,,,,,,
,,,,,,,,,,,,,,,,,,,,,,,,,
,,,,,,,,,,,,,,,,,,,,,,,,,
,,,,,,,,,,,,,,,,,,,,,,,,,
,,,,,,,,,,,,,,,,,,,,,,,,,
,,,,,,,,,,,,,,,,,,,,,,,,,
,,,,,,,,,,,,,,,,,,,,,,,,,
,,,,,,,,,,,,,,,,,,,,,,,,,
,,,,,,,,,,,,,,,,,,,,,,,,,
,,,,,,,,,,,,,,,,,,,,,,,,,
,,,,,,,,,,,,,,,,,,,,,,,,,
,,,,,,,,,,,,,,,,,,,,,,,,,
,,,,,,,,,,,,,,,,,,,,,,,,,
,,,,,,,,,,,,,,,,,,,,,,,,,
,,,,,,,,,,,,,,,,,,,,,,,,,
,,,,,,,,,,,,,,,,,,,,,,,,,
,,,,,,,,,,,,,,,,,,,,,,,,,
,,,,,,,,,,,,,,,,,,,,,,,,,
,,,,,,,,,,,,,,,,,,,,,,,,,
,,,,,,,,,,,,,,,,,,,,,,,,,
,,,,,,,,,,,,,,,,,,,,,,,,,
,,,,,,,,,,,,,,,,,,,,,,,,,
,,,,,,,,,,,,,,,,,,,,,,,,,
,,,,,,,,,,,,,,,,,,,,,,,,,
,,,,,,,,,,,,,,,,,,,,,,,,,
,,,,,,,,,,,,,,,,,,,,,,,,,
,,,,,,,,,,,,,,,,,,,,,,,,,
,,,,,,,,,,,,,,,,,,,,,,,,,
,,,,,,,,,,,,,,,,,,,,,,,,,
,,,,,,,,,,,,,,,,,,,,,,,,,
,,,,,,,,,,,,,,,,,,,,,,,,,
,,,,,,,,,,,,,,,,,,,,,,,,,
,,,,,,,,,,,,,,,,,,,,,,,,,
,,,,,,,,,,,,,,,,,,,,,,,,,
,,,,,,,,,,,,,,,,,,,,,,,,,
,,,,,,,,,,,,,,,,,,,,,,,,,
,,,,,,,,,,,,,,,,,,,,,,,,,
,,,,,,,,,,,,,,,,,,,,,,,,,
,,,,,,,,,,,,,,,,,,,,,,,,,
,,,,,,,,,,,,,,,,,,,,,,,,,
,,,,,,,,,,,,,,,,,,,,,,,,,
,,,,,,,,,,,,,,,,,,,,,,,,,
,,,,,,,,,,,,,,,,,,,,,,,,,
,,,,,,,,,,,,,,,,,,,,,,,,,
,,,,,,,,,,,,,,,,,,,,,,,,,
,,,,,,,,,,,,,,,,,,,,,,,,,
,,,,,,,,,,,,,,,,,,,,,,,,,
,,,,,,,,,,,,,,,,,,,,,,,,,
,,,,,,,,,,,,,,,,,,,,,,,,,
,,,,,,,,,,,,,,,,,,,,,,,,,
,,,,,,,,,,,,,,,,,,,,,,,,,
,,,,,,,,,,,,,,,,,,,,,,,,,
,,,,,,,,,,,,,,,,,,,,,,,,,
,,,,,,,,,,,,,,,,,,,,,,,,,
,,,,,,,,,,,,,,,,,,,,,,,,,
,,,,,,,,,,,,,,,,,,,,,,,,,
,,,,,,,,,,,,,,,,,,,,,,,,,
,,,,,,,,,,,,,,,,,,,,,,,,,
,,,,,,,,,,,,,,,,,,,,,,,,,
,,,,,,,,,,,,,,,,,,,,,,,,,
,,,,,,,,,,,,,,,,,,,,,,,,,
,,,,,,,,,,,,,,,,,,,,,,,,,
,,,,,,,,,,,,,,,,,,,,,,,,,
,,,,,,,,,,,,,,,,,,,,,,,,,
,,,,,,,,,,,,,,,,,,,,,,,,,
,,,,,,,,,,,,,,,,,,,,,,,,,
,,,,,,,,,,,,,,,,,,,,,,,,,
,,,,,,,,,,,,,,,,,,,,,,,,,
,,,,,,,,,,,,,,,,,,,,,,,,,
,,,,,,,,,,,,,,,,,,,,,,,,,
,,,,,,,,,,,,,,,,,,,,,,,,,
,,,,,,,,,,,,,,,,,,,,,,,,,
,,,,,,,,,,,,,,,,,,,,,,,,,
,,,,,,,,,,,,,,,,,,,,,,,,,
,,,,,,,,,,,,,,,,,,,,,,,,,
,,,,,,,,,,,,,,,,,,,,,,,,,
,,,,,,,,,,,,,,,,,,,,,,,,,
,,,,,,,,,,,,,,,,,,,,,,,,,
,,,,,,,,,,,,,,,,,,,,,,,,,
,,,,,,,,,,,,,,,,,,,,,,,,,
,,,,,,,,,,,,,,,,,,,,,,,,,
,,,,,,,,,,,,,,,,,,,,,,,,,
,,,,,,,,,,,,,,,,,,,,,,,,,
,,,,,,,,,,,,,,,,,,,,,,,,,
,,,,,,,,,,,,,,,,,,,,,,,,,
,,,,,,,,,,,,,,,,,,,,,,,,,
,,,,,,,,,,,,,,,,,,,,,,,,,
,,,,,,,,,,,,,,,,,,,,,,,,,
,,,,,,,,,,,,,,,,,,,,,,,,,
,,,,,,,,,,,,,,,,,,,,,,,,,
,,,,,,,,,,,,,,,,,,,,,,,,,
,,,,,,,,,,,,,,,,,,,,,,,,,
,,,,,,,,,,,,,,,,,,,,,,,,,
,,,,,,,,,,,,,,,,,,,,,,,,,
,,,,,,,,,,,,,,,,,,,,,,,,,
,,,,,,,,,,,,,,,,,,,,,,,,,
,,,,,,,,,,,,,,,,,,,,,,,,,
,,,,,,,,,,,,,,,,,,,,,,,,,
,,,,,,,,,,,,,,,,,,,,,,,,,
,,,,,,,,,,,,,,,,,,,,,,,,,
,,,,,,,,,,,,,,,,,,,,,,,,,
,,,,,,,,,,,,,,,,,,,,,,,,,
,,,,,,,,,,,,,,,,,,,,,,,,,
,,,,,,,,,,,,,,,,,,,,,,,,,
,,,,,,,,,,,,,,,,,,,,,,,,,
,,,,,,,,,,,,,,,,,,,,,,,,,
,,,,,,,,,,,,,,,,,,,,,,,,,
,,,,,,,,,,,,,,,,,,,,,,,,,
,,,,,,,,,,,,,,,,,,,,,,,,,
,,,,,,,,,,,,,,,,,,,,,,,,,
,,,,,,,,,,,,,,,,,,,,,,,,,
,,,,,,,,,,,,,,,,,,,,,,,,,
,,,,,,,,,,,,,,,,,,,,,,,,,
,,,,,,,,,,,,,,,,,,,,,,,,,
,,,,,,,,,,,,,,,,,,,,,,,,,
,,,,,,,,,,,,,,,,,,,,,,,,,
,,,,,,,,,,,,,,,,,,,,,,,,,
,,,,,,,,,,,,,,,,,,,,,,,,,
,,,,,,,,,,,,,,,,,,,,,,,,,
,,,,,,,,,,,,,,,,,,,,,,,,,
,,,,,,,,,,,,,,,,,,,,,,,,,
,,,,,,,,,,,,,,,,,,,,,,,,,
,,,,,,,,,,,,,,,,,,,,,,,,,
,,,,,,,,,,,,,,,,,,,,,,,,,
,,,,,,,,,,,,,,,,,,,,,,,,,
,,,,,,,,,,,,,,,,,,,,,,,,,
,,,,,,,,,,,,,,,,,,,,,,,,,
,,,,,,,,,,,,,,,,,,,,,,,,,
,,,,,,,,,,,,,,,,,,,,,,,,,
,,,,,,,,,,,,,,,,,,,,,,,,,
,,,,,,,,,,,,,,,,,,,,,,,,,
,,,,,,,,,,,,,,,,,,,,,,,,,
,,,,,,,,,,,,,,,,,,,,,,,,,
,,,,,,,,,,,,,,,,,,,,,,,,,
,,,,,,,,,,,,,,,,,,,,,,,,,
,,,,,,,,,,,,,,,,,,,,,,,,,
,,,,,,,,,,,,,,,,,,,,,,,,,
,,,,,,,,,,,,,,,,,,,,,,,,,
,,,,,,,,,,,,,,,,,,,,,,,,,
,,,,,,,,,,,,,,,,,,,,,,,,,
,,,,,,,,,,,,,,,,,,,,,,,,,
,,,,,,,,,,,,,,,,,,,,,,,,,
,,,,,,,,,,,,,,,,,,,,,,,,,
,,,,,,,,,,,,,,,,,,,,,,,,,
,,,,,,,,,,,,,,,,,,,,,,,,,
,,,,,,,,,,,,,,,,,,,,,,,,,
,,,,,,,,,,,,,,,,,,,,,,,,,
,,,,,,,,,,,,,,,,,,,,,,,,,
,,,,,,,,,,,,,,,,,,,,,,,,,
,,,,,,,,,,,,,,,,,,,,,,,,,
,,,,,,,,,,,,,,,,,,,,,,,,,
,,,,,,,,,,,,,,,,,,,,,,,,,
,,,,,,,,,,,,,,,,,,,,,,,,,
,,,,,,,,,,,,,,,,,,,,,,,,,
,,,,,,,,,,,,,,,,,,,,,,,,,
,,,,,,,,,,,,,,,,,,,,,,,,,
,,,,,,,,,,,,,,,,,,,,,,,,,
,,,,,,,,,,,,,,,,,,,,,,,,,
,,,,,,,,,,,,,,,,,,,,,,,,,
,,,,,,,,,,,,,,,,,,,,,,,,,
,,,,,,,,,,,,,,,,,,,,,,,,,
,,,,,,,,,,,,,,,,,,,,,,,,,
,,,,,,,,,,,,,,,,,,,,,,,,,
,,,,,,,,,,,,,,,,,,,,,,,,,
,,,,,,,,,,,,,,,,,,,,,,,,,
,,,,,,,,,,,,,,,,,,,,,,,,,
,,,,,,,,,,,,,,,,,,,,,,,,,
,,,,,,,,,,,,,,,,,,,,,,,,,
,,,,,,,,,,,,,,,,,,,,,,,,,
,,,,,,,,,,,,,,,,,,,,,,,,,
,,,,,,,,,,,,,,,,,,,,,,,,,
,,,,,,,,,,,,,,,,,,,,,,,,,
,,,,,,,,,,,,,,,,,,,,,,,,,
,,,,,,,,,,,,,,,,,,,,,,,,,
,,,,,,,,,,,,,,,,,,,,,,,,,
,,,,,,,,,,,,,,,,,,,,,,,,,
,,,,,,,,,,,,,,,,,,,,,,,,,
,,,,,,,,,,,,,,,,,,,,,,,,,
,,,,,,,,,,,,,,,,,,,,,,,,,
,,,,,,,,,,,,,,,,,,,,,,,,,
,,,,,,,,,,,,,,,,,,,,,,,,,
,,,,,,,,,,,,,,,,,,,,,,,,,
,,,,,,,,,,,,,,,,,,,,,,,,,
,,,,,,,,,,,,,,,,,,,,,,,,,
,,,,,,,,,,,,,,,,,,,,,,,,,
,,,,,,,,,,,,,,,,,,,,,,,,,
,,,,,,,,,,,,,,,,,,,,,,,,,
,,,,,,,,,,,,,,,,,,,,,,,,,
,,,,,,,,,,,,,,,,,,,,,,,,,
,,,,,,,,,,,,,,,,,,,,,,,,,
,,,,,,,,,,,,,,,,,,,,,,,,,
,,,,,,,,,,,,,,,,,,,,,,,,,
,,,,,,,,,,,,,,,,,,,,,,,,,
,,,,,,,,,,,,,,,,,,,,,,,,,
,,,,,,,,,,,,,,,,,,,,,,,,,
,,,,,,,,,,,,,,,,,,,,,,,,,
,,,,,,,,,,,,,,,,,,,,,,,,,
,,,,,,,,,,,,,,,,,,,,,,,,,
,,,,,,,,,,,,,,,,,,,,,,,,,
,,,,,,,,,,,,,,,,,,,,,,,,,
,,,,,,,,,,,,,,,,,,,,,,,,,
,,,,,,,,,,,,,,,,,,,,,,,,,
,,,,,,,,,,,,,,,,,,,,,,,,,
,,,,,,,,,,,,,,,,,,,,,,,,,
,,,,,,,,,,,,,,,,,,,,,,,,,
,,,,,,,,,,,,,,,,,,,,,,,,,
,,,,,,,,,,,,,,,,,,,,,,,,,
,,,,,,,,,,,,,,,,,,,,,,,,,
,,,,,,,,,,,,,,,,,,,,,,,,,
,,,,,,,,,,,,,,,,,,,,,,,,,
,,,,,,,,,,,,,,,,,,,,,,,,,
,,,,,,,,,,,,,,,,,,,,,,,,,
,,,,,,,,,,,,,,,,,,,,,,,,,
,,,,,,,,,,,,,,,,,,,,,,,,,
,,,,,,,,,,,,,,,,,,,,,,,,,
,,,,,,,,,,,,,,,,,,,,,,,,,
,,,,,,,,,,,,,,,,,,,,,,,,,
,,,,,,,,,,,,,,,,,,,,,,,,,
,,,,,,,,,,,,,,,,,,,,,,,,,
,,,,,,,,,,,,,,,,,,,,,,,,,
,,,,,,,,,,,,,,,,,,,,,,,,,
,,,,,,,,,,,,,,,,,,,,,,,,,
,,,,,,,,,,,,,,,,,,,,,,,,,
,,,,,,,,,,,,,,,,,,,,,,,,,
,,,,,,,,,,,,,,,,,,,,,,,,,
,,,,,,,,,,,,,,,,,,,,,,,,,
,,,,,,,,,,,,,,,,,,,,,,,,,
,,,,,,,,,,,,,,,,,,,,,,,,,
,,,,,,,,,,,,,,,,,,,,,,,,,
,,,,,,,,,,,,,,,,,,,,,,,,,
,,,,,,,,,,,,,,,,,,,,,,,,,
,,,,,,,,,,,,,,,,,,,,,,,,,
,,,,,,,,,,,,,,,,,,,,,,,,,
,,,,,,,,,,,,,,,,,,,,,,,,,
,,,,,,,,,,,,,,,,,,,,,,,,,
,,,,,,,,,,,,,,,,,,,,,,,,,
,,,,,,,,,,,,,,,,,,,,,,,,,
,,,,,,,,,,,,,,,,,,,,,,,,,
,,,,,,,,,,,,,,,,,,,,,,,,,
,,,,,,,,,,,,,,,,,,,,,,,,,
,,,,,,,,,,,,,,,,,,,,,,,,,
,,,,,,,,,,,,,,,,,,,,,,,,,
,,,,,,,,,,,,,,,,,,,,,,,,,
,,,,,,,,,,,,,,,,,,,,,,,,,
,,,,,,,,,,,,,,,,,,,,,,,,,
,,,,,,,,,,,,,,,,,,,,,,,,,
,,,,,,,,,,,,,,,,,,,,,,,,,
,,,,,,,,,,,,,,,,,,,,,,,,,
,,,,,,,,,,,,,,,,,,,,,,,,,
,,,,,,,,,,,,,,,,,,,,,,,,,
,,,,,,,,,,,,,,,,,,,,,,,,,
,,,,,,,,,,,,,,,,,,,,,,,,,
,,,,,,,,,,,,,,,,,,,,,,,,,
,,,,,,,,,,,,,,,,,,,,,,,,,
,,,,,,,,,,,,,,,,,,,,,,,,,
,,,,,,,,,,,,,,,,,,,,,,,,,
,,,,,,,,,,,,,,,,,,,,,,,,,
,,,,,,,,,,,,,,,,,,,,,,,,,
,,,,,,,,,,,,,,,,,,,,,,,,,
,,,,,,,,,,,,,,,,,,,,,,,,,
,,,,,,,,,,,,,,,,,,,,,,,,,
,,,,,,,,,,,,,,,,,,,,,,,,,
,,,,,,,,,,,,,,,,,,,,,,,,,
,,,,,,,,,,,,,,,,,,,,,,,,,
,,,,,,,,,,,,,,,,,,,,,,,,,